entity_type,entity_id,name,status,issues,fixes_applied
subcategory,d5dbc2ba-da71-583d-96ab-1bf347a1dd0e,12x18 DOUBLE CHARGE,clean,,
subcategory,324a2767-67a9-5bce-a315-b39922ef5180,12x18 DIGITAL,clean,,
subcategory,da79de95-0943-550c-83eb-76a5b5127f5f,12x24 DIGITAL,clean,,
subcategory,40d61466-97b4-5601-8ffc-8d7ce72e2fc6,8x40 PLANKS,clean,,
subcategory,4d68c90f-4330-5a14-b5ea-75645d9d84a1,12x12 DIGITAL PARKING,clean,,
subcategory,1a95a2ec-1128-5c47-86ff-52fba52cb718,12x48 STAIRS FULL BODY,clean,,
subcategory,04f6ca81-fc97-5a86-bb67-7b02fb8ef392,10x24 NANO,clean,,
subcategory,0837d5f7-7648-5d95-8ba0-8d6b79435b22,12x24 GVT/PGVT,clean,,
subcategory,0c2ac59e-993d-5f83-868c-757585046cbd,24x48 DIGITAL PARKING,clean,,
subcategory,19652dac-9752-5e2a-91ab-fa21f5545c64,16x32 NANO,clean,,
subcategory,5e2fd084-dadb-5914-b848-174e837ebca6,16x16 PLANKS,clean,,
subcategory,6821b497-f88d-590b-8343-b5b978e10316,10x24 FULL BODY,clean,,
subcategory,68655a76-d3c4-5245-8b85-249e8d928197,32x64 FULL BODY,clean,,
subcategory,7aabf958-a2d5-5f9d-bcb6-ddd2a2c948d2,24x24 NANO,clean,,
subcategory,7ecfa39f-e5fc-5b37-8561-a83cb291c11f,16x16 DOUBLE CHARGE,clean,,
subcategory,9844c494-4abb-5ae7-93d5-e20c02dbc2c3,8x48 HD,clean,,
subcategory,abcdb4c7-6986-5a43-a53a-762811073d2d,32x64 PLANKS,clean,,
subcategory,b5f55763-c10c-5802-8bb4-799244dc108e,12x18 NANO,clean,,
subcategory,ca106a0e-e782-5955-bb43-c6a8a7e69b9d,32x64 DIGITAL PARKING,clean,,
subcategory,cf8d712e-9197-5d16-a34c-ce0f71fb2828,24x48 DIGITAL,clean,,
subcategory,d5a5d42b-e573-5d00-9235-031ce9874bf2,12x18 DIGITAL PARKING,clean,,
subcategory,dffdee3e-7ad1-53c8-96f7-3cc4a193f638,10x24 DIGITAL PARKING,clean,,
subcategory,e4192f45-8c46-5357-af56-c2977ab3eaf9,8x40 DIGITAL PARKING,clean,,
subcategory,11075dac-418d-503e-ac0d-d721bfcd9870,12x12 DIGITAL,clean,,
subcategory,16a83197-7197-5504-b987-499423cb33f4,16x16 DIGITAL PARKING,clean,,
subcategory,43587789-8e5b-5e33-aa61-4ce2ae629c1a,4x12 SUBWAY,clean,,
subcategory,4ec7344e-7da7-52df-90d1-a532be8f2e87,24x24 DIGITAL,clean,,
subcategory,55b4b5ff-86f7-5358-8f25-5ec562048ce5,96x32 FULL BODY,clean,,
subcategory,5cce6054-f43c-5c13-9395-9d24f69d0221,24x24 DOUBLE CHARGE,clean,,
subcategory,622df554-b4aa-51fd-b945-1f78b326d5f8,12x48 PLANKS,clean,,
subcategory,7474beb8-e8e0-5378-8162-3ea5f3a7c06d,32x64 GVT/PGVT,clean,,
subcategory,9eda5d90-9c84-5e76-bc2b-3ce0895e72cb,3x12 SUBWAY,clean,,
subcategory,bc567ecd-cf05-540e-b255-3db467d03bae,12x24 HD,clean,,
subcategory,c0811472-aed0-5b05-b816-2a5a70c3a6fb,10x24 DIGITAL,clean,,
subcategory,c57b5915-b478-57eb-af41-195b819f3e97,12x18 HD,clean,,
subcategory,d9760cb7-f49b-57ea-9a7e-7a0de949cd93,24x24 FULL BODY,clean,,
subcategory,dc93bb34-6c02-53d9-ba57-e45946798e1d,16x32 DIGITAL,clean,,
subcategory,df4c95bc-063e-5503-9632-6eb1ad51237f,8x48 RISER FULL BODY,clean,,
subcategory,f9a18512-78bb-5c6c-a47d-0662c4cf5fb0,48x72 GVT/PGVT,clean,,
subcategory,6fece080-3eba-522e-98db-5c8a5944b837,24x48 GVT/PGVT,clean,,
subcategory,a2bd25af-54cc-5db5-9d06-739a0970247c,24x48 FULL BODY,clean,,
product,287bb41f-e680-50dc-bb50-8b3b5d6d7f99,VARMORA BALCA OAK,clean,,
product,2ef93fed-a737-57c3-8dad-6f15273d4cd5,VARMORA TIAMA BROWN,clean,,
product,40f2590e-f3f3-5269-b568-b10a57795480,VARMORA OAK WOOD BEIGE,clean,,
product,6eeb0942-a4ac-53fb-9514-dfd2afefe835,VARMORA ASAD WHITE,clean,,
product,80752e30-9065-58e4-a427-dc7d67f8c5b7,VARMORA CAMPHOR NATURAL,clean,,
product,86d23e85-8cac-5d2a-8713-f6e76b442de8,VARMORA NATURAL WOOD BROWN,clean,,
product,8cd7e0d1-bc37-51dd-b808-00eb4a5b8ba6,VARMORA ALDER WOOD NATURAL,clean,,
product,de05de2e-a43b-5383-9006-6a60666f5a3f,VARMORA HEALWOOD COFFEE,clean,,
product,f084743f-b7f7-5489-87fc-08556b5b3036,VARMORA BALCA MAHOGANY,clean,,
product,f45f99be-fc1a-554d-8a65-c98221dde6de,VARMORA BIRCH WOOD BEIGE,clean,,
product,ff946d63-b57f-56c7-85f2-ca9d98520283,VARMORA TIAMA BEIGE,clean,,
product,0f4d3327-51c5-5365-a3a5-5ecc92aad1a7,UDAY GOLD 100,clean,,
product,24560408-dca8-539e-8b79-b9261a3158ea,UDAY 1027,clean,,
product,2a1c2030-9eec-5603-a209-1ec2b195acf1,UDAY GOLD 91,clean,,
product,588aabd8-47c1-56ac-b184-aa8dfa4ba398,UDAY GOLD 52 L,clean,,
product,7830dc3a-f4bb-5017-ab2b-bbf9913fdb7d,UDAY GOLD 84,clean,,
product,f87e9fd3-5764-5b94-bf83-51d18435440a,UDAY GOLD 32,clean,,
product,ff5cbb2e-4ced-54f2-8cb9-f440feb64ccc,EDDICA ELEGANT GRIS,clean,,
product,db0fe0c1-8715-5a1b-a2e7-7554f02057e6,VARMORA GLOSSLAB GREY,clean,,
product,edd2bbbe-6f53-56e2-82f1-8fdaf238cc11,VARMORA MATTLAB NERO,clean,,
product,015c708e-03ae-5146-bf13-fcd327c8d6a7,PENGVIN 2082 HL1,clean,,
product,01b88801-ced1-54c1-b5f4-ce4858632048,BARCELONA 21235 HL1,clean,,
product,024b46be-51cd-5da1-96f8-e175bca83eec,VARMORA AVENUE BIANCO,clean,,
product,02f89791-9b02-5c56-b67a-65c626ea3de0,VARMORA SKERRA TUSK,clean,,
product,036db243-6d41-5f52-99c0-76505b90ec5b,BARCELONA 21318 L,clean,,
product,04773154-43e7-51ca-9b58-4bf26af1e67b,PASSERO OCEAN GREEN,clean,,
product,05e73897-4b5f-5ea8-9ba3-33902b8455f3,TAG 24050,clean,,
product,06088f10-3d98-52cf-8c23-43a9817d07c9,BARCELONA CHOTILANO 601,clean,,
product,07170dab-181a-528c-b508-be6c02f6a545,ASIAN GRANITO LIMITED MUSIC WOOD,clean,,
product,07b83fe7-df9d-50ec-be25-7e366986a600,BARCELONA HECTOR 603,clean,,
product,083315fc-79a1-5a8d-a51b-3ecc00779537,BARCELONA 21166 L,clean,,
product,0957eec8-ecc1-59b8-98f4-7d9acdc9a9a0,GVIT 505,clean,,
product,0ac56afb-f353-56b1-84f2-09074fbb76e1,RANGE BRILLO GRIS DECOR A,clean,,
product,0aeb1351-e8d2-5042-8159-21bf5ed53718,EDDICA ALLIANCE DARK,clean,,
product,0b5046e9-df76-5869-aeee-da56bc012e8e,RANGE TRAVERTINO NATURAL,clean,,
product,0cee03b7-92db-571d-8fcd-0bd043b7268e,GVIT COFFEE WOOD,clean,,
product,0d6f8bb1-1263-5cdb-a9c8-83509a21b516,PENGVIN 2067 D,clean,,
product,0de39862-29ff-5f5d-b57a-224167f55f9e,BARCELONA 21251 D,clean,,
product,0f447061-97c7-57f3-b903-9b248f71d82c,VARMORA BOTTOCHINO GREEN,clean,,
product,10ea7d05-4712-5590-9afe-7bdfab877d93,BARCELONA 21181 HL1,clean,,
product,124d5bda-7df0-5567-a885-f8ee590c99ae,VARMORA SMOKY BEIGE,clean,,
product,13177a32-da84-5f7b-bd78-aac91076cd68,TAG 25115,clean,,
product,1334740a-107d-528e-91c2-258d94a9816f,BARCELONA CANE 609,clean,,
product,13a53d11-6978-5d65-a694-6bd47b7c2b93,TAG 24828,clean,,
product,13a5b765-9f4a-5feb-81f1-388a533d5268,VARMORA ALFIO WHITE,clean,,
product,14ee97de-49c6-5ed1-8b9a-5a4934792533,BARCELONA HECTOR 614,clean,,
product,1503bee9-c44b-5907-8cc4-7840da036ef0,EDDICA MOONLIGHT AQUA,clean,,
product,1556db7b-7036-56be-b946-1f7956a3a043,LIZZART SUPER WHITE,clean,,
product,15fe9dcc-2d42-5952-a5bc-360f6681e85f,RANGE CA 3584 DECOR A,clean,,
product,16f0a697-1be4-5fc6-a8b6-515f8067ba92,EDDICA LISTON GRIS,clean,,
product,17a170e6-bf82-5423-b756-384444c5719e,ETHICS B&W HL16,clean,,
product,187cb4da-601a-5820-b01c-bf7994b00be8,BARCELONA BLACKBURN 608,clean,,
product,19054df2-cb46-518e-bcd8-53dd2b73f415,ASIAN GRANITO LIMITED BRICKSO SLATE,clean,,
product,19db0fd9-4303-5465-b6fb-e83756a8baf0,GVIT WOODEN LAKE,clean,,
product,1a8f6cd6-06c7-54a0-b3b0-05303ac22791,EDDICA LISTON CREMA,clean,,
product,1bb49b29-2f1a-5cca-b268-3f203ba317bf,COVERTEK BITAL GREY,clean,,
product,1bc6dd73-ad51-50cc-ba93-958edd5d40f8,BARCELONA HELICON 611,clean,,
product,1bd151d9-344c-565d-b901-774a47e6aa3a,BARCELONA ORIZABA 621,clean,,
product,1c360aec-bec5-5d07-8f5e-263e07555588,BARCELONA HARDEOL 623,clean,,
product,1c60c5c7-0004-51d6-9aaa-b112df8088c9,EDDICA CALCATTA GOLD,clean,,
product,1c855ea6-19a5-54fa-9cad-356e118f5dce,PENGVIN 2028 D,clean,,
product,1d9e1c15-2913-529c-9be5-488faf2ad89e,PENGVIN 2117 L,clean,,
product,1db6ea3d-39d9-50dd-8d56-e89e446bf022,VARMORA LEVIN NATURAL,clean,,
product,1eba69db-4f33-5dab-9190-ee0a78d0108e,PENGVIN 2028 HL1,clean,,
product,1f00bb39-649b-5520-9cdf-b7f395c57e4c,BARCELONA ARGUS 625,clean,,
product,2009d431-d46b-558d-b59c-8ce8fa46dd68,ETHICS GVITRA 143 BEIGE,clean,,
product,20223765-e257-5949-9295-1a19ac6e5f71,BARCELONA 21044 D,clean,,
product,20ef4390-d441-5253-a07b-1197558930d2,BARCELONA 21604 HL1,clean,,
product,235b085d-3214-568a-a6c2-11ed33328b5b,BARCELONA 21356 HL1,clean,,
product,254f2948-610b-58bd-852c-983070511106,LIZZART ROYAL IRIS,clean,,
product,25ae37f1-33f8-52fe-914d-a64abee3c699,RANGE WHITE GLOSSY 240,clean,,
product,2603311a-a1a4-5781-81ee-f44d0b13b894,RANGE DUNA TAUPE DECOR B,clean,,
product,27139452-b783-5695-8b98-a15a4991dc16,BARCELONA FORBES 617,clean,,
product,27fe45e8-61d0-5ddd-a0bc-aa6c5681a6f6,EDDICA LUX STATUARIO,clean,,
product,288b689a-9526-5a94-8a14-0bdf6ba97547,PENGVIN 2082 D,clean,,
product,2ac71677-394d-5e75-977d-cb3f416548f8,VARMORA DELIGHT IVORY,clean,,
product,2c6cea83-d5c3-5211-bb65-da29603713e6,STARCO IVORY BEVELLED,clean,,
product,2d0f21ea-200f-5d84-9dee-22916ff9e042,ASIAN GRANITO LIMITED BACKSPLASH CREMA,clean,,
product,2d37360d-38fb-539f-8b26-20c8ab287577,ASIAN GRANITO LIMITED TIJOLO GRASS,clean,,
product,2d65de91-fbec-5dd8-8503-e0ca4e064dc4,VARMORA IRIS BEIGE,clean,,
product,2dc50701-ccf8-5ad1-973f-19bbc42dfcfb,RANGE CA 3680 D,clean,,
product,2f049c7d-208a-54a8-85c2-25deb6320293,BARCELONA 21304 D,clean,,
product,2f4e0570-2bf4-5bdd-a3ba-d6ac4c68ded0,PASSERO LIME PINE,clean,,
product,309f2579-cd06-5e80-a8b5-7c8aee6a956e,LIZZART ROCK ALMOND,clean,,
product,30d865e8-f950-55ca-abd6-c59f0819a3ff,COVERTEK AMAZONITE,clean,,
product,3163f236-a266-5f7c-81bc-9672758eb43a,BARCELONA FORBES 623,clean,,
product,3351c806-ac26-58ec-ab1d-0dd2f1a38fdd,COVERTEK METH GREY,clean,,
product,33719135-275f-5833-a59f-c22453710c05,LIZZART ROCK DOVE,clean,,
product,341f11ce-1a2b-586e-8bf5-b85b6fbbfcfc,ETHICS 2513,clean,,
product,350a1aa8-2c62-5ae1-b76a-ab29d920df49,GVIT BROWSER WOOD,clean,,
product,3537e8e9-8e55-5ab5-a2a8-39ce0d6027d1,ASIAN GRANITO LIMITED DOVER DARK,clean,,
product,355e9c4e-b2ab-51eb-9fb9-df607fffecef,BARCELONA ALMOND HL,clean,,
product,37e93bc7-2cb4-576d-a890-0cd9990f699e,BARCELONA 21263 HL,clean,,
product,3805048e-a1a8-5a36-a62a-2b22535b4d60,RANGE TRAVERTINO NATURAL DECOR,clean,,
product,38aba507-9eb2-5a35-9150-69a369bb8f81,BARCELONA MANDALA 601,clean,,
product,39d34017-79c6-5e6d-9f2d-7bff12f99bc4,BARCELONA 21507 L,clean,,
product,39f73695-6d67-5f51-afaf-81066645eb7e,BARCELONA ARGUS 616,clean,,
product,3af3e89a-9a6b-5996-8ea8-f9cc45c1cb88,VARMORA CARRARA SELTOS,clean,,
product,3c2539c1-7c47-5b1d-aa2c-a8a88123b01c,BARCELONA PAVAGARH 601,clean,,
product,3c7f8c7a-0a7e-5568-9fc7-07da551aa497,VARMORA BERLIN IVORY,clean,,
product,3d3c3ee7-0bd9-5554-8f7c-e951cc6f8fc2,ASIAN GRANITO LIMITED ALMONDI WOOD,clean,,
product,3d4c484b-e9af-5a31-8b59-34dbee8755ae,ETHICS 24320,clean,,
product,3d5f7917-aca0-5f9c-8f35-38b093aabe75,ETHICS GALICHA 160,clean,,
product,3e41abcd-6146-54ed-972a-b98af41b6e7d,BARCELONA DAKOTA HL1,clean,,
product,3f8f67b8-2929-5f6c-963e-71e8d5f98814,TAG 24152,clean,,
product,40725485-29d0-5998-8210-79a82e0e3b01,ANTIEK ATLANTA BROWN,clean,,
product,40d200bd-6fb2-5f59-8cca-0d50bf2a12bb,ASIAN GRANITO LIMITED TROPIC WHITE,clean,,
product,41ac97e9-40c2-5efe-9d36-eb7b7653e600,PORTOCER FALLON JUTE WHITE,clean,,
product,43e05565-f3d5-5ab5-a862-2b9bd9da1572,PENGVIN 2028 L,clean,,
product,44ad44a3-d3b0-5d05-931c-bc9fc9c2edc4,ASIAN GRANITO LIMITED DOVER LIGHT,clean,,
product,4686260b-76e7-5c1d-b2f9-5892e302f47d,BARCELONA ANAMUDI 625,clean,,
product,46bfe3c1-5de0-5bce-9099-09d87a22e1bd,JUBILY 33038 HL2 / 3978 HL1,clean,,
product,47c39ba8-dc45-502b-a130-f0c9239356a7,BARCELONA FORBES 613,clean,,
product,4886a91e-606b-5ee4-ae1b-f5163157da6d,LORICA 8159,clean,,
product,488a40ae-00f5-53b8-a009-349d86ca87e8,LIZZART ROCK BROWN,clean,,
product,490688de-6a41-578d-a935-c2b5ab934eb1,RANGE DUKE BIANCO,clean,,
product,4973ef63-1451-5963-823e-acc8cc942073,BARCELONA 21251 HL2,clean,,
product,497f2401-d846-5d14-8534-1aed2750fbab,BARCELONA SAGA WHITE,clean,,
product,49a47190-dc5f-5289-ae91-b2221059a886,REY CERA AMAZONITE AQUA ENDLESS,clean,,
product,4a8c17d0-ab2f-5e72-88ea-d7d2c317896b,VARMORA STATUARIO CLASSIC,clean,,
product,4b6cc35b-9606-5000-aa2a-9068e8d8bc18,VARMORA ORO BEIGE,clean,,
product,4bc378f2-1821-5b8a-9960-36ffcf0c53ed,TAG 24007,clean,,
product,4c01d6f3-1400-58c7-b8f6-491a0a156293,LIZZART ROCK BLACK,clean,,
product,4de098be-a29f-5f0b-b59d-edd1ef1f162c,BARCELONA BACKBONE 617,clean,,
product,4e6c8868-e2da-58b6-95d8-71adafa95c92,ETHICS GVITRA 143,clean,,
product,4eede8d4-49aa-515b-a74e-b487fa481074,ASIAN GRANITO LIMITED SOS 4002 DK,clean,,
product,4efca04b-ffe0-5f06-a7a6-75070de6dd1e,BARCELONA 21129 L,clean,,
product,4fa3f8ab-ccb5-5fe9-9243-c024f2ac7590,PENGVIN 2057 L,clean,,
product,4ff31050-f04d-59db-8978-c7e77908bbcd,RANGE CA MALTA L,clean,,
product,50de8af3-ab61-52b7-8b67-6434a17e15b8,ASIAN GRANITO LIMITED ULTRA SLATE,clean,,
product,5108b9b4-fb94-5485-82b3-fbc7eedde353,VARMORA AUGUSTUS GREY,clean,,
product,52450ac3-3ccf-589e-8cf6-c9b983dd7d89,BARCELONA 21181 HL2,clean,,
product,52a19b02-b462-576b-a502-38bd9474d690,CAPTIVA 3262 D,clean,,
product,5324449b-247d-5c5b-9560-95eefd24c7c3,SUNGLARE ROYAL ROSA,clean,,
product,533d96d7-8a90-584d-9be2-b36323bfc221,JUBILY 33038 HL1,clean,,
product,5422ce0c-ff87-54f1-a7da-1266fc9383f4,RANGE BRILLIO GRIS,clean,,
product,55fa075e-ff14-5061-b9fd-e74f0a644ae3,ASIAN GRANITO LIMITED ARLES MARMO DECOR,clean,,
product,566651b8-b126-59c5-8696-a23907b8f943,VARMORA ALLESIA NATURAL,clean,,
product,567ae67d-ab20-5d35-821d-7dbfc26de54f,BARCELONA 21615 HL1,clean,,
product,590fe28d-c048-55ac-a2c8-8f4dee320105,BARCELONA 21527 D,clean,,
product,595bce7a-b2eb-55c9-af90-946a4faa6f6e,ANTIEK EMBRADOR RICH,clean,,
product,59a513d8-de49-598d-8504-4a4eb1af0a9d,RANGE SLIDE EMERALD L,clean,,
product,5b199664-f081-585a-9898-565649bad400,RANGE SLIDE EMERALD D,clean,,
product,5bdab55f-ba6b-5d14-b86e-167b7deffcb8,TAG 24056,clean,,
product,5c1a72f9-982d-51ef-8859-48d86867b7ed,BARCELONA SCERA HL,clean,,
product,5eabdaf1-16f2-53b3-a1d0-93ca0d983ee6,BARCELONA 31111 L,clean,,
product,5f513487-2440-56b7-9486-8b0c47e3d067,BARCELONA SALTORO 617,clean,,
product,5f9f1ead-a871-52a5-954d-82d9707ca58f,JUBILY 31200 HL1,clean,,
product,6118893e-8db2-5b34-940f-b5bee4e1c477,BARCELONA 21507 HL1,clean,,
product,6121aaf4-6908-594f-a5bd-bbc092239691,COVERTEK SPIDER GREY,clean,,
product,614f6190-0251-5083-a999-61c1f79c14fe,REY CERA CREOS TEAL,clean,,
product,615dcba6-6553-5cde-b31d-da8b19cdca03,VARMORA BARCELONA GREY,clean,,
product,61f04b52-ed27-5690-bb6c-f108e22c47b5,COVERTEK CRESTALLO GRAPHITE,clean,,
product,62668dfb-6e4d-58d7-bbc3-9ae24d5bae7e,VARMORA PACIFIC ONYX BEIGE,clean,,
product,63a0aa75-13e7-56ad-b683-abe011901993,TAG 24064,clean,,
product,63a7decb-458f-50b1-b016-e93fc62ca341,ETHICS OLV-29040,clean,,
product,6771b0be-835b-5df9-b985-1a1a507c6dbf,TAG CT RECTA GLOW,clean,,
product,6794a96a-6467-51a3-9c2a-ba98c397ec1c,BARCELONA DHUPGARH 624,clean,,
product,68798100-6996-54d5-9f97-de0a3374876a,LIZZART ROCK BLACK,clean,,
product,6b2663a8-b3b6-55b9-bbe8-63d731ac8cbb,PORTOCER ORIANA FARMLAND DECORE,clean,,
product,6c8679b0-108d-5994-8604-d0efe0a516e4,RANGE BRILLIO GRIS DECOR A,clean,,
product,6c9d6903-1d7f-543d-8576-558b39bc7d0b,VARMORA TOKYO IVORY,clean,,
product,6ce0a6a3-be60-5dfe-9a04-53cbc95aabf2,VARMORA PEROLA ONYX,clean,,
product,6db08b35-e38b-591d-bdf1-5b4a433f3f7c,ETHON END 7097,clean,,
product,6db6c8f0-d8ab-54f5-9156-282aeebc88e1,BARCELONA NEVADO 619,clean,,
product,6e03c68d-bfa8-5be2-96a7-8b5e81e8c9be,RANGE CARVEN CREMA,clean,,
product,6ed96498-ce60-5717-8fd4-208af5542d2c,EDDICA VEGANCE DARK,clean,,
product,6fb6650e-da0a-5dfe-ae26-70c4cb3fc8cb,PLATINA BLACK GOLDY,clean,,
product,71547334-7717-5147-8ff7-4942f4cc903c,BARCELONA 21129 HL2,clean,,
product,71cc4a9b-11e4-5bd1-8713-a431c12e0d9b,PORTOCER TRUE DARK GREY,clean,,
product,737d9dcf-3345-522d-96c0-a3a5163f4d18,COVERTEK ROCKER OSLO GRIGIO,clean,,
product,75413c50-1d17-5860-837a-d3e4e550790c,BARCELONA ALPS 001,clean,,
product,760aa8a1-7819-5ca9-83ed-5541c8d5b5e5,CAPTIVA WHITE,clean,,
product,76922a8c-debd-54a4-9a1d-c693774be5e3,COVERTEK BURBERRY BIANCO,clean,,
product,7706f99e-6d25-5df2-924b-6e98d84d9969,RANGE DUNA TAUPE,clean,,
product,774bf3ab-05a5-53d5-8332-a4e6107165b1,BARCELONA NERO 607,clean,,
product,777dc91d-f14c-5647-b216-d689901030d0,PORTOCER ALBINO CARAMEL,clean,,
product,7869cade-e763-5179-86d2-49482739bdd4,ASIAN GRANITO LIMITED TROPIC YELLOW,clean,,
product,78e529ec-72d9-5b5b-9c92-56f564d0940b,ETHICS GREY & WHITE HL3,clean,,
product,78fe0b76-b0a5-5a19-a258-9343fe162f1b,BARCELONA AMPTO 606,clean,,
product,7a630457-2a57-51b7-8b60-f7cd7d81ba4e,CAPTIVA 3262 HL1,clean,,
product,7b1acede-5efe-5644-8cbd-31a948c4f8ab,PORTOCER TRUE DOVE MATT,clean,,
product,7c761312-f401-58bd-93eb-13133d630909,ASIAN GRANITO LIMITED BACKSPLASH BROWN DECOR,clean,,
product,7c7ea261-9149-5726-b84e-87da0ce984f5,RANGE BRILLO GRIS,clean,,
product,7d9f99e5-c262-5535-b418-3be2c0081705,ETHICS SUCKERE DC 204,clean,,
product,7e377fbb-30a2-569a-aa6a-6f318ed0ebe1,BARCELONA 21235 HL2,clean,,
product,7ef04d38-6770-57a5-b2fe-0ebd95fbe7be,RANGE 3680 DECOR SILVER,clean,,
product,8077eb9f-2e30-5b38-8bfd-33250d08c981,COVERTEK SAGON BIANCO,clean,,
product,80d717a5-bb48-5612-a757-7c97344daa91,BARCELONA ANAMUDI 604,clean,,
product,814579b5-90f0-5d38-b5e7-ba59aa581031,ETHON END 7106,clean,,
product,815a74a1-7227-5fca-8ebf-ee66d5549562,BARCELONA KAROH 626,clean,,
product,81f51be4-20fd-52ed-869b-2b9b2ce4e70e,ETHICS REDON BLUE,clean,,
product,8237e525-466c-5fe9-b41f-6760c82023c0,STARCO WHITE BEVELLED,clean,,
product,8428e02f-6ccd-502c-8365-f23ad3167550,TAG 24185 HL,clean,,
product,848ff793-d51e-555d-bfbf-4d6e2fcb45f3,TAG 24805 DECOR,clean,,
product,85554dc8-19ef-50fb-a526-980c8f7bac9c,TAG 24185,clean,,
product,855dfb65-51e1-5546-b38f-d826cca2b77f,BARCELONA SISPARA 001,clean,,
product,8592de31-5182-5b69-9d2b-b6eb37d5b6d3,CAPTIVA 3532 HL1,clean,,
product,85a9bdf9-434c-55aa-9fd7-bde1373b29ff,RANGE DUKE GREY,clean,,
product,85d64acb-e2b2-54f9-b47e-90d553b58a75,TAG 25146,clean,,
product,8703aad6-1283-5195-a298-4b75d1944a35,RANGE ONICE BIANCO,clean,,
product,871393a2-f1b5-5a8a-8326-86bc861136a6,VARMORA LYON NERO,clean,,
product,874685a8-b694-57ab-a95d-3054a022868f,ETHICS OLV-MC 51150 HL2,clean,,
product,87bdb390-31b0-5721-a5d4-a1c1093f9c14,BARCELONA KERINCI 001,clean,,
product,88597351-491b-546a-b5dd-a41f05a93e52,VARMORA ARMANI BIANCO,clean,,
product,89754a85-46cd-5f5f-8a8a-75f87e7bd79f,TAG 24802 DECOR,clean,,
product,8a616373-467d-590b-ac47-845183901342,ETHICS GVITRA 111,clean,,
product,8b432742-2dd4-5150-b498-77fd8becf5aa,BARCELONA SAGA GREY,clean,,
product,8b90f61e-6472-52fc-9e91-983a0546ae9b,LIZZART ROCK BLACK,clean,,
product,8ca19085-e82a-5903-9348-118ba09f328c,ALIVE EVOCA GREY ENDLESS,clean,,
product,8d979f05-d858-5540-abd3-3eebc775266d,PENGVIN 2064 HL,clean,,
product,8dac62c0-a3f5-53b1-ad25-3be2d83b366c,PASSERO MURFI PINE HERRINGBONE,clean,,
product,8db1175f-ad2e-5fd6-a1cf-45ef66ed19e8,LIZZART ROCK SILVER,clean,,
product,8e516a14-8635-5b52-937c-12809a0faf15,STARCO AQUA GREEN FLAT,clean,,
product,8e53584b-ec6a-5b6b-826f-4c1c217f6c7b,BARCELONA 21507 D,clean,,
product,8f80ee50-5754-5a2e-8a78-99322d988826,PENGVIN 2064 D,clean,,
product,901ca06f-f8f6-5c12-a516-2f3143b7f6d7,ALIVE OPTICAL WHITE ENDLESS,clean,,
product,9023b5c6-3901-5689-90c1-c3716054cf51,BARCELONA SAGA BLACK,clean,,
product,92416e06-ca81-517b-943e-fce402d56961,TAG 24187,clean,,
product,924ba57d-6237-55d3-a93c-7791de292d62,BARCELONA ATLAS 009,clean,,
product,9317ec0f-fc3d-5150-8524-13349679e440,LIZZART ROCK ALMOND,clean,,
product,93425ffc-afa6-535f-998a-425ef766f457,REY CERA PREXURY GREEN,clean,,
product,936b4af6-e0fc-5d61-ae5f-c80f01430f4b,BARCELONA DODDABETTA 601,clean,,
product,93813d71-71c3-5d4a-86fe-1df671ab2c81,TAG 24134,clean,,
product,9478fa7a-0a4a-5456-9a1a-8f816a858a07,VARMORA ZERON IVORY,clean,,
product,9485902d-ebe4-5bc6-8609-b8abbcdd166d,BARCELONA 21051 HL1,clean,,
product,94d9808b-fe7b-5706-a48f-bf306cfb9624,COVERTEK ROCKER ORION BEIGE,clean,,
product,954bb889-a3ff-507b-8343-4dc0c945aa2b,PENGVIN 2067 HL3,clean,,
product,972eda6f-cb21-50cd-a00f-c200c4f17adb,JUBILY 31200 D,clean,,
product,974db949-79d7-5c57-a6eb-f3d1b29bafe6,PORTOCER FALLON LEAVES DECORE,clean,,
product,9801bac0-cd7e-5e9d-80c4-a05b877d6a7e,BARCELONA HARDEOL 627,clean,,
product,98238e63-2875-5266-8bb2-2ac18078ae0a,ANTIEK BORGHINI BROWN,clean,,
product,99cdd676-8f49-5f90-8fe7-87a28a54ef0b,SUNGLARE MELODY,clean,,
product,9b2b6613-13b3-5af6-beac-fd838fb21a9c,VARMORA MIAMI GREY,clean,,
product,9bb94740-c46c-5ae1-a704-4f8129eb38ed,BARCELONA ANAMUDI 628,clean,,
product,9c12c621-d0ca-5691-8caa-f015f195406d,COVERTEK ROCKER KASHMIRI BROWN,clean,,
product,9c7205cf-479d-56e2-93ae-6bb463aca98e,ANTIEK MOHAK SHILA,clean,,
product,9c7383ac-6e3e-5f5d-8f88-02ff0b527cc4,PORTOCER ORIANA WATERPAINT DECORE,clean,,
product,9c9df778-c044-5a1b-a6fe-ba2ccc11d115,VARMORA ASTONIA GOLD,clean,,
product,9fef0897-0240-5d0a-bd43-131eb1507ec5,BARCELONA 21235 L,clean,,
product,a0ba778b-d0f4-5862-925b-053295a8c7c4,BARCELONA 21304 HL1,clean,,
product,a0fd2558-f184-5444-9072-3e8aae24f729,BARCELONA 21251 L,clean,,
product,a1a1ed5a-f432-5d0b-ba74-348bbc7d5498,LIZZART ROCK NERO,clean,,
product,a1aa5324-39e0-5ff6-8179-1a8197e09c54,ANTIEK BORGHINI BROWN STRIP,clean,,
product,a2217c7b-16fe-5134-9d74-7fe313756284,BARCELONA BRANDON 604,clean,,
product,a23320c5-50af-5c15-a147-f76f1e038141,SUNGLARE ROYAL CHERRY,clean,,
product,a347552f-cbff-50a7-97e7-df85f617db37,PENGVIN 2057 HL1,clean,,
product,a4204272-c526-52af-8892-44ded5ea2090,BARCELONA 21181 L,clean,,
product,a43a79d0-0448-5a10-849c-bfbed2a59479,BARCELONA ATLAS 013,clean,,
product,a4b0f669-a40b-583f-8f35-702a1d2b128f,RANGE CA MALTA DECOR B,clean,,
product,a513b18c-2c47-596b-b0fd-29e12c92cee5,BARCELONA 21604 D,clean,,
product,a5324e48-96f6-57b2-ae15-01bad66edff7,CAPTIVA 3061 HL2,clean,,
product,a595adf0-f984-5971-ac56-9b1ba338faad,ETHON END 7025,clean,,
product,a6a22140-b0cd-5c99-b764-b4fc76ae44cb,BARCELONA 21251 HL1,clean,,
product,a7a575d3-7bcc-5766-a847-3c87458ec0b4,PORTOCER GRIDOR CREMA CARVING,clean,,
product,a7b22f4b-2c97-52b1-be79-a027206c2174,BARCELONA ARVON 601,clean,,
product,a7dd51df-908b-58c6-be2c-20fb486da04d,RANGE MARCA WHITE DECOR A,clean,,
product,a80d9664-3c13-5876-880b-af90b082aafa,EDDICA VICTORIA CREMA,clean,,
product,a84dfa38-3f0b-5b4f-acb5-a852e29dbecf,ASIAN GRANITO LIMITED HEXAWOOD,clean,,
product,a85bbbac-970a-5474-ac30-9046c75ce779,CAPTIVA 3410 D,clean,,
product,a8c9f74d-3629-5009-b9ae-7fbd4eda0806,VARMORA STAIRWAY NATURAL,clean,,
product,a8cbf7eb-ddfd-5db6-819e-481b0d33afc5,RANGE RAGNO WHITE,clean,,
product,a921da8c-8657-5194-a007-4932070e9a1c,ASIAN GRANITO LIMITED SOS 4002 HL1,clean,,
product,aa0f1a93-4e98-552b-b9cb-727f8027c082,ASIAN GRANITO LIMITED SOS 4002 HL2,clean,,
product,aa48eb83-112f-5caa-8613-2d5c06057d2c,COVERTEK CRESTALLO FERN,clean,,
product,aafb4d10-8653-56e5-8208-81c2af64c888,STARCO WHITE FLAT,clean,,
product,abc4ab1c-c9a7-531a-98af-fe1217536717,SUNGLARE ROCK DOVE / GRIS,clean,,
product,ac35fef4-7ca9-55ea-90cd-8525fdc92fab,PASSERO STATUARIO BROWN ENDLESS,clean,,
product,ac63ba0d-3513-5f25-baba-86abe0420f7c,BARCELONA ARGUS 614,clean,,
product,ad8567cd-9a35-5232-8645-c8d5fc9354b7,TAG 24194,clean,,
product,adb7bdd3-6e14-5def-9739-4bbf12cb0a69,CAPTIVA 3410 L,clean,,
product,afc1274a-7a27-5126-a7d4-2c9841762c64,PORTOCER SAYLOR ASCONA NATURAL,clean,,
product,b101bc59-474f-517c-94d7-32b89648c065,PORTOCER STELLER BEIGE,clean,,
product,b2dc0784-e108-5499-a863-868257397248,STARCO GREY FLAT,clean,,
product,b365f572-8add-5a41-9eea-c87e68b5f93e,ASIAN GRANITO LIMITED ARLES BIANCO,clean,,
product,b4c3e2a0-e6b2-5d7f-b786-5d22d9ea0e2e,ALIVE BOTTOCHINO NATURAL ENDLESS,clean,,
product,b5327ba1-f638-5877-a9b7-0b709434dbe0,LIZZART ROYAL JET BLACK,clean,,
product,b57d2273-628a-570a-a6fd-3549a81823d3,PENGVIN 2067 L,clean,,
product,b641d8d6-70c0-524a-8ef2-cefd52b315d6,REY CERA PIAZZA GREY,clean,,
product,b6620286-db3d-53b2-abda-4e01e106e8a4,CAPTIVA 842,clean,,
product,b73223bd-4f5d-5a9c-9ee7-67a658d29e5e,ASIAN GRANITO LIMITED BRICKSO BROWN,clean,,
product,b82d266e-e187-51ee-b4db-86a555eb4f1c,SUNGLARE ROYAL TIGER,clean,,
product,b832a6a4-2852-5829-be9a-49b37adfc114,RANGE MAGICA AZURE,clean,,
product,b85e8e93-e77b-5165-8c6b-c9176d001eb8,BARCELONA OCEAN HL,clean,,
product,b8a8f6b7-8b0d-5bc2-b342-aef66c1f0e1a,PORTOCER CONTUR GREY,clean,,
product,b9013b1b-3334-5f76-8d3d-64a2934c467b,STARCO AQUA BLUE BEVELLED,clean,,
product,ba0671de-c6ba-5983-8f29-b9bc2aec1842,EDDICA TRENCH AQUA,clean,,
product,bb609873-06e4-51b7-8823-597d3076d9dc,BARCELONA 21044 L,clean,,
product,bba0227c-81e5-5790-b2e1-f57b8ccad588,EDDICA FENICE GREY,clean,,
product,bbac11c4-81b3-5a70-aa2b-deb94cc6e48d,LIZZART ROCK NERO,clean,,
product,bbb460ba-4ef6-50e9-a28b-32e18a4b1460,TAG 24317,clean,,
product,bd4ffc8d-6148-55f9-a5b4-cfcce5b8b51d,BARCELONA BRANDON 602,clean,,
product,bd66a18a-4432-51c8-b99b-3026259255ee,VARMORA STAIRWAY VERDE,clean,,
product,bd8bc904-1f5d-5952-94c5-1ffd7d907199,CAPTIVA 3532 D,clean,,
product,be6c8f01-65b5-5e76-bb6f-974723df7b45,PENGVIN 2065 HL1,clean,,
product,bfe23c6d-47bf-5f82-849d-8ae6d7998b5f,BARCELONA BLACKBURN 601,clean,,
product,bff84a24-4b20-581e-9b5c-45c37825c8cf,BARCELONA MANDALA 622,clean,,
product,c001c8c8-db81-59c3-a883-8c62eb85f0aa,BARCELONA GREVA HL,clean,,
product,c04d4939-c2f5-5ded-920d-e1fb60231fc4,BARCELONA 21587 D,clean,,
product,c06d3b8f-7c71-5456-962c-e256da12e5d5,TAG 24809,clean,,
product,c14a2fa2-9a4c-50cc-81d4-cd599e9907ee,BARCELONA DENALI 605,clean,,
product,c1a71937-1cd9-59cd-9e0d-0c42bbcee6db,BARCELONA BHUJIYO 001,clean,,
product,c2021765-a778-5646-b0c7-455c018c434a,PENGVIN 2065 L,clean,,
product,c25c041a-4496-5cda-8aa9-b1ede8bec8f4,BARCELONA STANLEY 644,clean,,
product,c2c53c95-2f96-56fa-a7ef-b7ec1fc9d3a6,EDDICA TRENCH PINK,clean,,
product,c337e37f-51c5-5846-aed1-587a575fdfa4,BARCELONA 21318 HL1,clean,,
product,c3400e2a-dd26-597b-b7a5-86e0139dcf5c,VARMORA MARFIL BEIGE,clean,,
product,c35ab2cd-3b99-525e-9fa6-6de41dad17a2,PASSERO VERONA STEEL ENDLESS,clean,,
product,c3a0d76e-8732-5be6-89cd-28ff54142500,TAG 24186,clean,,
product,c47c4097-23ac-514e-b486-66d328ea4ebb,BARCELONA 21051 L,clean,,
product,c619a9f8-d3a0-53cc-a509-e09203d70698,RANGE DUKE GREY DECOR A,clean,,
product,c62294a3-9eff-5d4c-b9af-08725a8208ca,BARCELONA 21044 HL1,clean,,
product,c64ee7fc-1581-5e77-9392-31f991a6650d,RANGE MAGICA OCRE,clean,,
product,c6ff0ec8-e3ec-53f1-bd6b-b9ad4cf242f2,COVERTEK ROCKER OSLO CREMA,clean,,
product,c7095249-9d77-5a0f-905d-4b50865d30f8,EDDICA THASOS DARK,clean,,
product,c71f6ac6-2842-5d6f-b67b-55d1e3b90f4e,PORTOCER LUCCA ARMANI CREMA,clean,,
product,c80f9121-c326-5c3f-b135-d0006bf0ebf5,VARMORA GLOSSLAB NERO,clean,,
product,c9fb8698-5d7f-5e41-a223-5956a2303018,RANGE MAGICA LUSH,clean,,
product,ca91f91b-8164-5818-9dbb-aacb95ed9433,LIZZART ROYAL KOTA,clean,,
product,cb59b41b-cd99-5dc6-85f0-84c85363040f,TAG 24026,clean,,
product,cbe94b53-929f-5f20-a07f-27fe8bf225a3,PORTOCER FALLON ROSE DECORE,clean,,
product,cd101af5-b433-55f1-b9cd-7f272093a767,BARCELONA SIMORA HL,clean,,
product,ce06c75b-80c5-57a3-ac68-6ae06c158a65,ASIAN GRANITO LIMITED NOVART COLOR DECOR,clean,,
product,ce864798-8e07-57c8-b895-90a7fc641bda,BARCELONA 21166 HL1,clean,,
product,cec113c7-e0f4-5171-b96d-d32bd67049ef,ASIAN GRANITO LIMITED BACKSPLASH BROWN,clean,,
product,cfa49adf-95eb-5d13-b111-1f98a375736e,VARMORA ROYAL BRECCIA GREY,clean,,
product,d0dfe56c-0327-5f0f-99a3-af1dac9a03a3,JUBILY 31319 L / 3977 L,clean,,
product,d10fc774-0987-5d36-a90d-c93f5ae49d56,CAPTIVA 3111 L,clean,,
product,d17f77d1-3220-5ce6-8193-f6583341163a,PORTOCER FALLON SQUARE BROWN,clean,,
product,d18a2a99-4f25-5d79-ae04-6f404f0454df,RANGE UNICO CAMEL DECOR,clean,,
product,d1cc6059-1dc7-5cf6-a017-09aa530f2921,RANGE 1132 DECOR SILVER,clean,,
product,d21502a7-65c3-5a3e-b7e1-f51fe147713e,ANTIEK TRIVIA GREEN,clean,,
product,d3504458-25ae-5561-8481-65b48ea917a6,RANGE MARCA WHITE,clean,,
product,d3620c64-0c2b-5572-96e0-9ef8f92ae8c7,BARCELONA HARDEOL 631,clean,,
product,d434f72a-8eb6-5b67-9547-dfb6f7825d54,BARCELONA HECTOR 609,clean,,
product,d442bb0a-6c9d-57b1-935a-ef05e7665816,RANGE SPARE WHITE,clean,,
product,d4853a5e-0054-5f0f-b271-fe742cc02835,VARMORA ROCK CREMA,clean,,
product,d4b94bdd-1a66-5f2d-903c-22843c0b22ca,ETHICS DESERT WOOD BROWN,clean,,
product,d58ae2e0-b4a0-59a1-88c7-d86a32a54654,ANTIEK MYTHOS BLUE,clean,,
product,d7ebecac-1b42-5bd0-ab32-c909eb2b8c64,BARCELONA DENALI 604,clean,,
product,d8106318-1de4-5862-a7d5-497d0a37be42,JUBILY LTS 7569 D / 3809 D,clean,,
product,d857a066-fa14-5895-8de5-197ef04f30e6,VARMORA MIAMI BIANCO,clean,,
product,da01c350-c4a8-575f-9cb0-83587b61e750,VARMORA NYARA BEIGE,clean,,
product,da1a18fc-9b8b-50da-ac2c-2e4c6c9ee509,VARMORA STAIRWAY NERO,clean,,
product,db193f03-64b1-5622-943e-713271412536,LIZZART ROCK DOVE,clean,,
product,db4457f2-7905-593f-a75c-140f5b85d7f2,VARMORA HANIRO WHITE,clean,,
product,db5d1b17-f4be-5149-b2ad-832ee0fee647,BARCELONA 21235 D,clean,,
product,db773df4-2696-5867-bf0b-85e6d3c54230,PENGVIN 2117 HL1,clean,,
product,dc0cd8df-212f-56e0-89e9-997a4eefe086,VARMORA STAIRWAY BEIGE,clean,,
product,dc9be477-0f9b-5ca7-9cee-065fbb07346f,VARMORA LUNAR MULTI,clean,,
product,dcd7bf87-cc5d-5747-a0e6-dbd5364ded25,RANGE CARVEN CREMA DECOR A,clean,,
product,dd1a7efe-3d46-54cc-8b75-afe60f1fc3f1,PORTOCER STELLER STEEL GREY,clean,,
product,ddcbdec7-ccae-59bb-8019-c7dd6390fd2a,BARCELONA 21263 L,clean,,
product,df341856-990e-570f-a61b-55a16d98fe9f,ETHON END 7056,clean,,
product,df6ed2ce-cc9a-5c6f-8fc3-1d15b6cdcaf0,TAG 24188,clean,,
product,df8c180a-af3f-53e1-a55c-3e74e6aecb45,BARCELONA SAGA IVORY,clean,,
product,dfaa085a-5c55-5ca3-a414-99b88ae75c3c,ASIAN GRANITO LIMITED BRICKSO STONE,clean,,
product,dfdd9d0e-8056-53d1-98e1-3857077a6f7f,RANGE MAGICA NAVAL,clean,,
product,dff08b78-1ecf-53b3-aded-e3c623c8b611,RANGE UNICO GREY DECOR A,clean,,
product,e057d27a-8ac1-52af-aa67-5c459d2ec597,RANGE ONICE DECOR,clean,,
product,e07e4348-5a6b-5d28-96ca-f3a951544c0f,ETHICS MOROCCAN HL5,clean,,
product,e13f18de-a506-5a04-ad41-2b0d8fb828d3,ETHICS OLV-22100,clean,,
product,e209a965-3dfc-51de-a0e8-74747f90fe5f,SUNGLARE WHITE,clean,,
product,e235d54b-e1a8-5c48-8660-f7f94a7a30cd,VARMORA EMBREDOR AQUA,clean,,
product,e2f3d2a8-b90b-5b27-84ab-0cfcfd0fa164,BARCELONA 21587 L,clean,,
product,e30d0dad-da7d-55c9-bfdb-c23ab25e9bee,BARCELONA CHOTILANO 602,clean,,
product,e38d2265-49e4-5c6f-ba2b-8ebb1b492bf8,BARCELONA ANDERSON 622,clean,,
product,e4ae5011-3211-5f90-8d63-6d7041cc9cce,EDDICA LINUX WHITE,clean,,
product,e4bf2246-d077-52df-af37-c3559624f353,GVIT 900,clean,,
product,e534f9c5-a37e-5d1e-b483-a55ccd264866,ETHICS SUCKERE DC 203,clean,,
product,e5cea884-a293-5860-ae0c-d2dd9a418da7,ANTIEK ATLANTA BROWN STRIP,clean,,
product,e5ea1094-0b69-534c-b51b-5d07959e7b79,BARCELONA 21263 D,clean,,
product,e76bc74c-e1be-5129-9120-670d50120d25,ANTIEK HIRAMANI SMOKE,clean,,
product,e7bcc258-cdb5-59d7-a8da-d6c2a31aab36,VARMORA STATUARIO MARS,clean,,
product,e9a6a8a7-7b1b-5685-81b2-ae15e9b515c8,BARCELONA CANE 603,clean,,
product,ea3d337a-d452-52f5-9384-3a354f93ec07,RANGE RAGNO WHITE DECOR A,clean,,
product,ea773883-3c52-57fe-9785-1e4cae501f4e,BARCELONA HECTR 614,clean,,
product,ea835ceb-da72-525f-8e5e-88d236c9d92c,BARCELONA MAMOSTONG 601,clean,,
product,ea9c857b-e894-5c88-9b8e-d622fce01688,PENGVIN 2057 D,clean,,
product,eab96b7d-784e-55b4-b020-ab9d4f5a66de,LIZZART ROCK CREMA,clean,,
product,eb3a6be7-2384-54e6-9b8d-6aba93bdeca8,BARCELONA 31111 HL1,clean,,
product,eb598c91-30cb-57e6-8e1f-8b4bd044385c,VARMORA SCOTT NATURAL,clean,,
product,eb66ba51-a400-5fab-9e0e-3c29c990ea41,PORTOCER GRIDOR CREMA,clean,,
product,ec070b1c-a468-5943-a6ae-416df039a468,JUBILY 31319 HL1 / 3977 HL1,clean,,
product,ecbf18fc-0fca-5e23-bee9-41c488c77720,EDDICA BRISBANE WHITE,clean,,
product,ed314272-58bb-52a9-967d-673367f18de9,TAG 25117,clean,,
product,ed9ba176-1dd7-537e-8144-eeba7514e8e6,VARMORA MARFIL TUSK,clean,,
product,ee8c7608-eb06-5503-8132-7da04119634d,ALIVE ONYX BRUCOLI ENDLESS,clean,,
product,ee991e2d-5fa7-5ff5-be68-01c13f398b13,ETHICS OLV-MC 51170 HL-1,clean,,
product,eeb08f79-2dd2-5bc9-925a-5fd9bbbcf021,TAG 25111,clean,,
product,eee619a8-0290-576d-bd28-7d72a00871ad,BARCELONA 21615 D,clean,,
product,ef00c4f5-1c13-5a5d-a3c3-107d1155de6b,PORTOCER TILLED GREY,clean,,
product,ef3a783e-80f5-539b-aa66-0c0c8c0b09c3,PASSERO MURFI BIANCO HERRINGBONE,clean,,
product,efe348ef-0ce5-52da-8b8a-867558580e25,CAPTIVA 3061 D,clean,,
product,eff68f23-4f24-5fae-8079-83cf68eefd1d,BARCELONA DHUPGARH 624,clean,,
product,f0085586-38ad-5b47-9da3-00c23399ad33,CAMCERA 1163,clean,,
product,f0283dce-f2c2-56e5-8610-643daa4116ea,COVERTEK GRACE BIANCO,clean,,
product,f0addb8b-a05b-50f3-bef0-eca6dddb8f5c,PENGVIN 2064 L,clean,,
product,f1062b3c-16e5-53b5-b4a0-1adc9517c052,BARCELONA 21129 HL1,clean,,
product,f1c8ecdf-2973-5154-b4d4-7ace3c1f68a5,PORTOCER TRUE DOVE,clean,,
product,f27c85bd-08f2-5a86-84f1-0f1a3bff4d63,PORTOCER FALLON FABRIC BROWN,clean,,
product,f2e6a357-31b8-5188-b3d8-c49ea561d464,VARMORA ARMANI GREY,clean,,
product,f2e77d20-1047-5110-825b-480ef3ff653f,BARCELONA 24189,clean,,
product,f31d7dc3-107b-574e-b2f4-66b707230784,VARMORA ROCK CREMA,clean,,
product,f6366432-7c41-5458-addf-589ba7dfbb7f,STARCO AQUA GREEN BEVELLED,clean,,
product,f6825368-a144-54e8-8cc5-edf53571f730,VARMORA SILK MARFIL TUSK,clean,,
product,f7431983-d6f6-5fdb-b813-508482f69953,TAG 24321,clean,,
product,f75bcac6-6bfe-51bd-abd4-a5cd96663217,EDDICA LIGHTNING CREMA,clean,,
product,f76da667-4a65-5ec1-a58f-4bca50a0aa6d,RANGE DUNA TAUPE DECOR A,clean,,
product,f87ebe0c-820b-5216-9a0a-218feda0ba26,PENGVIN 2082 L,clean,,
product,f8ede2b3-46b0-518a-a15a-f30a25a6cbcb,RANGE SPARE WHITE DECOR,clean,,
product,f95cd05e-8e43-5621-9087-a071267d947c,PORTOCER CALEB OTTOMAN CARAMEL,clean,,
product,f97cec74-8053-5b7a-8874-00193155e902,PLATINA CHERRY,clean,,
product,fa6eb881-56f2-5b16-8fa0-6edce708bd98,EDDICA MAXIMUS DARK,clean,,
product,fa7ca544-c5e5-5f53-8761-e394ee2d4600,PORTOCER FALLON BRICK WHITE,clean,,
product,fb20671f-0281-5476-876a-642c6821e836,JUBILY 31319 HL2 / 3977 D,clean,,
product,fb62e739-573b-5378-9b9f-a1b46f810468,STARCO T BLUE BEVELLED,clean,,
product,fbb30d55-218a-5a6d-a208-2135c6b3ffb1,STARCO WHITE BEVELLED,clean,,
product,fd05503a-5524-5055-9bf6-079bc375c3a6,VARMORA ALFANSO WHITE,clean,,
product,fd6b5fff-88c5-522e-b0b8-8360cc6126dc,BARCELONA SISPARA 001,clean,,
product,fe82fe7a-5dd9-5595-8ce9-3bc1d7014779,ETHON END 7108,clean,,
product,fee7570e-a9f0-5fb6-90f0-7a0255660ad7,PORTOCER TRUE WHITE,clean,,
product,ff1045cb-626a-5f1d-a1e5-74410ed41c29,VARMORA SCOTT NERO,clean,,
product,ff22255a-1ad9-58b7-8ab8-b826838d5439,ETHICS GALICHA 023,clean,,
product,ff330658-65f5-59b6-a1df-c5b8f42c9ae2,VARMORA LOGAS WHITE,clean,,
product,ff767e61-711c-51eb-ba11-f89d968b6a98,ASIAN GRANITO LIMITED PIZARRA BROWN,clean,,
product,0224e535-6229-5ea4-ad40-1a39ac89ff8e,BARCELONA FORBES 616,clean,,
product,001b7929-118b-5eb5-b207-f9848c91de72,ETHICS GALICHA 157,clean,,
product,1326cf14-afdc-52af-be79-7ace975c3757,LIZZART ROCK WHITE,clean,,
product,04494615-b98d-5e0b-b075-7a69eac3fb3a,VARMORA SCOTT GREY,clean,,
product,0b54ce50-f662-5cf7-a284-e4a3dee13893,RANGE UNICO GLORY,clean,,
product,1979081c-15de-5ddb-b9b6-bd54ac88bfac,VARMORA SCOTT VERDE,clean,,
product,1b61e9b7-7570-5b21-a2c4-388911cc11b0,COVERTEK GLOSSLAB NERO,clean,,
product,1f5a047a-b82a-5038-874e-f4afcf42d8cb,CAMCERA 251,clean,,
product,2f53aa0e-92ac-5597-bcb5-545fc7304a0d,RANGE UNICO CAMEL,clean,,
product,32f9fdaa-ba8d-5bb6-adf9-62c400d8db2f,CAMCERA 1056,clean,,
product,363323e3-1224-565b-9712-d35f35be3c8b,CAMCERA 2412,clean,,
product,390ee593-3bef-5b54-984b-5225eef57d4d,CAMCERA 3022,clean,,
product,625ec930-296e-51d1-9242-d9a058a32eb5,CAMCERA M-85,clean,,
product,80691de5-04df-5fad-8ea9-e65d2df57d6c,CAMCERA 3026,clean,,
product,8d90ecf7-98f4-5099-a30a-c49ec769c917,RANGE COLLIN TAN,clean,,
product,9df0fe6f-cd0b-5dd9-bc7a-2e7cc3970838,RANGE COLLIN TAN DECOR A,clean,,
product,de717f11-3ce4-5dc7-852c-a183e2d285da,VARMORA SCOTT BEIGE,clean,,
product,0667a63d-157a-58a8-ad05-c86b39d8a23d,STARCO TEAL GREEN HANDCRAFTED,clean,,
product,29bf71d7-e95f-5e63-b723-cfda6fba97b9,VARMORA STAIRWAY GREY,clean,,
product,02e6a7ae-ef18-5bbb-8b3f-b39012d9d056,RANGE WHITE GLOSSY 01,clean,,
product,0eab5ca8-412e-5848-aff7-80865c591287,CAPTIVA 3061 L,clean,,
product,0ffd1390-b1c0-5af3-89a5-ec9311b28b8b,CAPTIVA 3113 HL1,clean,,
product,13ad3c88-7dc9-5c69-9eb4-05ad72490950,RANGE CA 3680 L,clean,,
product,13daebc8-9d44-5861-b88f-d653e330b245,CAPTIVA 3113 D,clean,,
product,0400dea2-57fc-5370-8f78-cac9afbdd0b7,REY CERA BOLLITA GREY,clean,,
product,147b3c68-c18e-546a-9506-10180e2ac59b,ALIVE REYCERA,clean,,
product,21866dc4-c905-550b-a792-7169cf9ca61e,REY CERA FOX GREY,clean,,
product,263629e8-6336-5cec-8542-c1333e1a3269,CAPTIVA 3262 L,clean,,
product,285c5802-3491-5e6b-aba6-b9b49ccbb446,ALIVE CRESOLA ONYX ENDLESS,clean,,
product,379f601f-bf63-5bc4-8d65-5d297bc5bf10,ALIVE ARNO ANTIC ENDLESS,clean,,
product,3d2540fe-b449-580b-b600-e3173c282208,REY CERA FOX BROWN,clean,,
product,47a384b8-03ab-51f2-85b3-7c60a4b65e84,ALIVE GOLDEN BRAZIL ENDLESS,clean,,
product,48fa7e45-ebc1-5bb5-9da2-0f21e8000fbc,CAPTIVA 3532 L,clean,,
product,758921cf-4c6b-5a3a-ae9d-db4f46083749,PASSERO CEDARWOOD BROWN,clean,,
product,03d6eb4a-f73c-501c-9dff-ab4e1fca7a8c,JUBILY 33038 DK / 3978 D,clean,,
product,03f79b8e-7cf6-5d40-8b4e-447cf75e8477,EDDICA MINTO AZUL,clean,,
product,0b7409d1-98e7-5ac7-a50f-bd632d2aacd3,JUBILY 33038 L / 3978 L,clean,,
product,0d527821-1e79-5347-b1e5-283ea5d8f9ac,JUBILY 31200 L,clean,,
product,20666744-db61-5a83-a1cc-74e17e8daeb8,TAG CT FROSTY RADIANCE,clean,,
product,23638ddc-d0a0-56b1-9ef1-859cae841dce,TAG CT SNOW WHITE,clean,,
product,3a8a0988-647a-5610-914a-5dc6aca8dd5d,TAG CT MOONLIGHT ANGELIC,clean,,
product,088adfcd-3003-5b3c-8301-e5dde21c7b0f,BARCELONA CHATURBHUJ 603,clean,,
product,0c513bcd-fb26-5c92-9219-571b66664bcd,SUNGLARE SANDY ASH,clean,,
product,2a24e945-a78f-5d45-8997-2bf902458798,BARCELONA JALISCO 627,clean,,
product,4d2ddaf8-d0c4-5c3b-82b7-67d41ed86f0c,SUNGLARE SANDY TULSI,clean,,
product,566aa4fd-58ba-5bba-b49a-86175d9f446a,JUBILY LTS 7569 HL1 / 3809 HL,clean,,
product,63257107-dc68-5c3a-886e-01cd39a8a4cc,SUNGLARE SANDY WALNUT,clean,,
product,76067e38-2a24-5d9a-b972-878038046df8,JUBILY LTS 7569 L / 3809 L,clean,,
product,8899d5d3-aada-5c6d-95a7-33274706f6d9,SUNGLARE CHARCOAL,clean,,
product,beb8eb7a-4507-52d4-967d-2ca8934637dc,BARCELONA NEBO 622,clean,,
product,d1590d91-c76f-5450-8777-7081ee38da0d,CZAR PRESTIGE WOOD BROWN,clean,,
product,025de92b-73b1-5688-a65a-b18879e9bbe2,PORTOCER STATUARIO GEONIX,clean,,
product,060c79e9-69ff-584f-b47d-646e54635114,PORTOCER TRUE BROWN,clean,,
product,0ffd3919-553e-5fef-b3d1-b41baec24aec,PORTOCER STELLER STEEL GREY MATT,clean,,
product,34600642-2f87-57f5-82df-d25f5bcaa8b9,PORTOCER STELLER BLACK,clean,,
product,41d3a7e8-3e2d-52e6-92a1-25cc8bf0fcdf,PORTOCER STELLER WHITE,clean,,
product,51a480eb-87ae-5eb9-a816-a7b38fb85903,PORTOCER VARSACE BURBERRY CREMA,clean,,
product,6022ab6f-32ea-5f6e-9e1b-09c50eadb698,CAPTIVA 313,clean,,
product,6d65c507-380d-56ee-908c-9c3bcace46b8,BARCELONA DULANG 604,clean,,
product,0c40d512-283c-5f40-8c8d-1873bcf08f44,BARCELONA NERO 615,clean,,
