product_id,product_name,status,txn_count,opening_balance,baseline_opening_balance,reconciliation_gap,net_movement,current_quantity,projected_final,reasons
287bb41f-e680-50dc-bb50-8b3b5d6d7f99,VARMORA BALCA OAK,clean,15,0,0,0,4,4,4,
2ef93fed-a737-57c3-8dad-6f15273d4cd5,VARMORA TIAMA BROWN,clean,30,0,0,0,231,231,231,
40f2590e-f3f3-5269-b568-b10a57795480,VARMORA OAK WOOD BEIGE,clean,2,0,0,0,46,46,46,
6eeb0942-a4ac-53fb-9514-dfd2afefe835,VARMORA ASAD WHITE,clean,2,0,0,0,214,214,214,
80752e30-9065-58e4-a427-dc7d67f8c5b7,VARMORA CAMPHOR NATURAL,clean,24,0,0,0,1,1,1,
86d23e85-8cac-5d2a-8713-f6e76b442de8,VARMORA NATURAL WOOD BROWN,clean,12,0,0,0,58,58,58,
8cd7e0d1-bc37-51dd-b808-00eb4a5b8ba6,VARMORA ALDER WOOD NATURAL,clean,13,0,0,0,0,0,0,
de05de2e-a43b-5383-9006-6a60666f5a3f,VARMORA HEALWOOD COFFEE,clean,22,0,0,0,52,52,52,
f084743f-b7f7-5489-87fc-08556b5b3036,VARMORA BALCA MAHOGANY,clean,18,0,0,0,32,32,32,
f45f99be-fc1a-554d-8a65-c98221dde6de,VARMORA BIRCH WOOD BEIGE,clean,7,0,0,0,8,8,8,
ff946d63-b57f-56c7-85f2-ca9d98520283,VARMORA TIAMA BEIGE,clean,18,0,0,0,45,45,45,
14ee97de-49c6-5ed1-8b9a-5a4934792533,BARCELONA HECTOR 614,clean,57,0,0,0,238,238,238,
80d717a5-bb48-5612-a757-7c97344daa91,BARCELONA ANAMUDI 604,clean,108,0,0,0,340,340,340,
ff5cbb2e-4ced-54f2-8cb9-f440feb64ccc,EDDICA ELEGANT GRIS,clean,28,0,0,0,0,0,0,
edd2bbbe-6f53-56e2-82f1-8fdaf238cc11,VARMORA MATTLAB NERO,clean,3,0,0,0,14,14,14,
01b88801-ced1-54c1-b5f4-ce4858632048,BARCELONA 21235 HL1,clean,5,0,0,0,59,59,59,
024b46be-51cd-5da1-96f8-e175bca83eec,VARMORA AVENUE BIANCO,clean,5,0,0,0,5,5,5,
02f89791-9b02-5c56-b67a-65c626ea3de0,VARMORA SKERRA TUSK,clean,4,0,0,0,0,0,0,
036db243-6d41-5f52-99c0-76505b90ec5b,BARCELONA 21318 L,clean,4,0,0,0,36,36,36,
04773154-43e7-51ca-9b58-4bf26af1e67b,PASSERO OCEAN GREEN,clean,13,0,0,0,0,0,0,
05e73897-4b5f-5ea8-9ba3-33902b8455f3,TAG 24050,clean,4,0,0,0,0,0,0,
06088f10-3d98-52cf-8c23-43a9817d07c9,BARCELONA CHOTILANO 601,clean,5,0,0,0,34,34,34,
07170dab-181a-528c-b508-be6c02f6a545,ASIAN GRANITO LIMITED MUSIC WOOD,clean,2,0,0,0,0,0,0,
07b83fe7-df9d-50ec-be25-7e366986a600,BARCELONA HECTOR 603,clean,26,0,0,0,0,0,0,
083315fc-79a1-5a8d-a51b-3ecc00779537,BARCELONA 21166 L,clean,16,0,0,0,0,0,0,
0957eec8-ecc1-59b8-98f4-7d9acdc9a9a0,GVIT 505,clean,2,0,0,0,0,0,0,
0ac56afb-f353-56b1-84f2-09074fbb76e1,RANGE BRILLO GRIS DECOR A,clean,8,0,0,0,79,79,79,
0aeb1351-e8d2-5042-8159-21bf5ed53718,EDDICA ALLIANCE DARK,clean,69,0,0,0,78,78,78,
0b5046e9-df76-5869-aeee-da56bc012e8e,RANGE TRAVERTINO NATURAL,clean,6,0,0,0,60,60,60,
0cee03b7-92db-571d-8fcd-0bd043b7268e,GVIT COFFEE WOOD,clean,2,0,0,0,0,0,0,
0de39862-29ff-5f5d-b57a-224167f55f9e,BARCELONA 21251 D,clean,9,0,0,0,58,58,58,
0f447061-97c7-57f3-b903-9b248f71d82c,VARMORA BOTTOCHINO GREEN,clean,5,0,0,0,1,1,1,
10ea7d05-4712-5590-9afe-7bdfab877d93,BARCELONA 21181 HL1,clean,11,0,0,0,16,16,16,
124d5bda-7df0-5567-a885-f8ee590c99ae,VARMORA SMOKY BEIGE,clean,6,0,0,0,0,0,0,
13177a32-da84-5f7b-bd78-aac91076cd68,TAG 25115,clean,6,0,0,0,0,0,0,
1334740a-107d-528e-91c2-258d94a9816f,BARCELONA CANE 609,clean,6,0,0,0,7,7,7,
13a53d11-6978-5d65-a694-6bd47b7c2b93,TAG 24828,clean,7,0,0,0,86,86,86,
13a5b765-9f4a-5feb-81f1-388a533d5268,VARMORA ALFIO WHITE,clean,5,0,0,0,6,6,6,
1503bee9-c44b-5907-8cc4-7840da036ef0,EDDICA MOONLIGHT AQUA,clean,8,0,0,0,32,32,32,
1556db7b-7036-56be-b946-1f7956a3a043,LIZZART SUPER WHITE,clean,8,0,0,0,3,3,3,
15fe9dcc-2d42-5952-a5bc-360f6681e85f,RANGE CA 3584 DECOR A,clean,17,0,0,0,25,25,25,
16f0a697-1be4-5fc6-a8b6-515f8067ba92,EDDICA LISTON GRIS,clean,26,0,0,0,0,0,0,
17a170e6-bf82-5423-b756-384444c5719e,ETHICS B&W HL16,clean,2,0,0,0,0,0,0,
187cb4da-601a-5820-b01c-bf7994b00be8,BARCELONA BLACKBURN 608,clean,9,0,0,0,0,0,0,
19054df2-cb46-518e-bcd8-53dd2b73f415,ASIAN GRANITO LIMITED BRICKSO SLATE,clean,4,0,0,0,20,20,20,
19db0fd9-4303-5465-b6fb-e83756a8baf0,GVIT WOODEN LAKE,clean,6,0,0,0,0,0,0,
1a8f6cd6-06c7-54a0-b3b0-05303ac22791,EDDICA LISTON CREMA,clean,32,0,0,0,0,0,0,
1bb49b29-2f1a-5cca-b268-3f203ba317bf,COVERTEK BITAL GREY,clean,5,0,0,0,0,0,0,
1bc6dd73-ad51-50cc-ba93-958edd5d40f8,BARCELONA HELICON 611,clean,28,0,0,0,9,9,9,
1c360aec-bec5-5d07-8f5e-263e07555588,BARCELONA HARDEOL 623,clean,122,0,0,0,362,362,362,
1c60c5c7-0004-51d6-9aaa-b112df8088c9,EDDICA CALCATTA GOLD,clean,13,0,0,0,11,11,11,
1db6ea3d-39d9-50dd-8d56-e89e446bf022,VARMORA LEVIN NATURAL,clean,9,0,0,0,0,0,0,
1f00bb39-649b-5520-9cdf-b7f395c57e4c,BARCELONA ARGUS 625,clean,25,0,0,0,342,342,342,
2009d431-d46b-558d-b59c-8ce8fa46dd68,ETHICS GVITRA 143 BEIGE,clean,9,0,0,0,0,0,0,
20223765-e257-5949-9295-1a19ac6e5f71,BARCELONA 21044 D,clean,13,0,0,0,0,0,0,
20ef4390-d441-5253-a07b-1197558930d2,BARCELONA 21604 HL1,clean,20,0,0,0,19,19,19,
235b085d-3214-568a-a6c2-11ed33328b5b,BARCELONA 21356 HL1,clean,4,0,0,0,61,61,61,
254f2948-610b-58bd-852c-983070511106,LIZZART ROYAL IRIS,clean,17,0,0,0,6,6,6,
25ae37f1-33f8-52fe-914d-a64abee3c699,RANGE WHITE GLOSSY 240,clean,4,0,0,0,78,78,78,
2603311a-a1a4-5781-81ee-f44d0b13b894,RANGE DUNA TAUPE DECOR B,clean,8,0,0,0,39,39,39,
27139452-b783-5695-8b98-a15a4991dc16,BARCELONA FORBES 617,clean,72,0,0,0,277,277,277,
27fe45e8-61d0-5ddd-a0bc-aa6c5681a6f6,EDDICA LUX STATUARIO,clean,49,0,0,0,137,137,137,
2ac71677-394d-5e75-977d-cb3f416548f8,VARMORA DELIGHT IVORY,clean,4,0,0,0,0,0,0,
2d0f21ea-200f-5d84-9dee-22916ff9e042,ASIAN GRANITO LIMITED BACKSPLASH CREMA,clean,4,0,0,0,3,3,3,
2d37360d-38fb-539f-8b26-20c8ab287577,ASIAN GRANITO LIMITED TIJOLO GRASS,clean,7,0,0,0,46,46,46,
2d65de91-fbec-5dd8-8503-e0ca4e064dc4,VARMORA IRIS BEIGE,clean,3,0,0,0,9,9,9,
2dc50701-ccf8-5ad1-973f-19bbc42dfcfb,RANGE CA 3680 D,clean,5,0,0,0,60,60,60,
2f049c7d-208a-54a8-85c2-25deb6320293,BARCELONA 21304 D,clean,19,0,0,0,27,27,27,
2f4e0570-2bf4-5bdd-a3ba-d6ac4c68ded0,PASSERO LIME PINE,clean,23,0,0,0,0,0,0,
309f2579-cd06-5e80-a8b5-7c8aee6a956e,LIZZART ROCK ALMOND,clean,29,0,0,0,0,0,0,
30d865e8-f950-55ca-abd6-c59f0819a3ff,COVERTEK AMAZONITE,clean,13,0,0,0,0,0,0,
3163f236-a266-5f7c-81bc-9672758eb43a,BARCELONA FORBES 623,clean,72,0,0,0,282,282,282,
3351c806-ac26-58ec-ab1d-0dd2f1a38fdd,COVERTEK METH GREY,clean,24,0,0,0,0,0,0,
33719135-275f-5833-a59f-c22453710c05,LIZZART ROCK DOVE,clean,14,0,0,0,22,22,22,
341f11ce-1a2b-586e-8bf5-b85b6fbbfcfc,ETHICS 2513,clean,13,0,0,0,41,41,41,
350a1aa8-2c62-5ae1-b76a-ab29d920df49,GVIT BROWSER WOOD,clean,2,0,0,0,0,0,0,
3537e8e9-8e55-5ab5-a2a8-39ce0d6027d1,ASIAN GRANITO LIMITED DOVER DARK,clean,2,0,0,0,95,95,95,
355e9c4e-b2ab-51eb-9fb9-df607fffecef,BARCELONA ALMOND HL,clean,5,0,0,0,23,23,23,
37e93bc7-2cb4-576d-a890-0cd9990f699e,BARCELONA 21263 HL,clean,5,0,0,0,134,134,134,
3805048e-a1a8-5a36-a62a-2b22535b4d60,RANGE TRAVERTINO NATURAL DECOR,clean,8,0,0,0,33,33,33,
39d34017-79c6-5e6d-9f2d-7bff12f99bc4,BARCELONA 21507 L,clean,23,0,0,0,5,5,5,
39f73695-6d67-5f51-afaf-81066645eb7e,BARCELONA ARGUS 616,clean,45,0,0,0,56,56,56,
3af3e89a-9a6b-5996-8ea8-f9cc45c1cb88,VARMORA CARRARA SELTOS,clean,11,0,0,0,0,0,0,
3c2539c1-7c47-5b1d-aa2c-a8a88123b01c,BARCELONA PAVAGARH 601,clean,12,0,0,0,99,99,99,
3c7f8c7a-0a7e-5568-9fc7-07da551aa497,VARMORA BERLIN IVORY,clean,9,0,0,0,3,3,3,
3d3c3ee7-0bd9-5554-8f7c-e951cc6f8fc2,ASIAN GRANITO LIMITED ALMONDI WOOD,clean,3,0,0,0,0,0,0,
3d4c484b-e9af-5a31-8b59-34dbee8755ae,ETHICS 24320,clean,2,0,0,0,0,0,0,
3d5f7917-aca0-5f9c-8f35-38b093aabe75,ETHICS GALICHA 160,clean,4,0,0,0,0,0,0,
3e41abcd-6146-54ed-972a-b98af41b6e7d,BARCELONA DAKOTA HL1,clean,5,0,0,0,31,31,31,
3f8f67b8-2929-5f6c-963e-71e8d5f98814,TAG 24152,clean,6,0,0,0,0,0,0,
40725485-29d0-5998-8210-79a82e0e3b01,ANTIEK ATLANTA BROWN,clean,9,0,0,0,14,14,14,
40d200bd-6fb2-5f59-8cca-0d50bf2a12bb,ASIAN GRANITO LIMITED TROPIC WHITE,clean,5,0,0,0,0,0,0,
44ad44a3-d3b0-5d05-931c-bc9fc9c2edc4,ASIAN GRANITO LIMITED DOVER LIGHT,clean,2,0,0,0,86,86,86,
38aba507-9eb2-5a35-9150-69a369bb8f81,BARCELONA MANDALA 601,clean,66,0,0,0,476,476,476,
4686260b-76e7-5c1d-b2f9-5892e302f47d,BARCELONA ANAMUDI 625,clean,142,0,0,0,233,233,233,
46bfe3c1-5de0-5bce-9099-09d87a22e1bd,JUBILY 33038 HL2 / 3978 HL1,clean,53,0,0,0,61,61,61,
47c39ba8-dc45-502b-a130-f0c9239356a7,BARCELONA FORBES 613,clean,4,0,0,0,7,7,7,
488a40ae-00f5-53b8-a009-349d86ca87e8,LIZZART ROCK BROWN,clean,18,0,0,0,6,6,6,
490688de-6a41-578d-a935-c2b5ab934eb1,RANGE DUKE BIANCO,clean,19,0,0,0,59,59,59,
4973ef63-1451-5963-823e-acc8cc942073,BARCELONA 21251 HL2,clean,7,0,0,0,51,51,51,
497f2401-d846-5d14-8534-1aed2750fbab,BARCELONA SAGA WHITE,clean,18,0,0,0,32,32,32,
49a47190-dc5f-5289-ae91-b2221059a886,REY CERA AMAZONITE AQUA ENDLESS,clean,16,0,0,0,62,62,62,
4a8c17d0-ab2f-5e72-88ea-d7d2c317896b,VARMORA STATUARIO CLASSIC,clean,5,0,0,0,2,2,2,
4b6cc35b-9606-5000-aa2a-9068e8d8bc18,VARMORA ORO BEIGE,clean,6,0,0,0,85,85,85,
4bc378f2-1821-5b8a-9960-36ffcf0c53ed,TAG 24007,clean,26,0,0,0,0,0,0,
4c01d6f3-1400-58c7-b8f6-491a0a156293,LIZZART ROCK BLACK,clean,18,0,0,0,2,2,2,
4de098be-a29f-5f0b-b59d-edd1ef1f162c,BARCELONA BACKBONE 617,clean,12,0,0,0,133,133,133,
4e6c8868-e2da-58b6-95d8-71adafa95c92,ETHICS GVITRA 143,clean,5,0,0,0,0,0,0,
4eede8d4-49aa-515b-a74e-b487fa481074,ASIAN GRANITO LIMITED SOS 4002 DK,clean,5,0,0,0,39,39,39,
4efca04b-ffe0-5f06-a7a6-75070de6dd1e,BARCELONA 21129 L,clean,11,0,0,0,0,0,0,
4ff31050-f04d-59db-8978-c7e77908bbcd,RANGE CA MALTA L,clean,17,0,0,0,0,0,0,
50de8af3-ab61-52b7-8b67-6434a17e15b8,ASIAN GRANITO LIMITED ULTRA SLATE,clean,11,0,0,0,0,0,0,
5108b9b4-fb94-5485-82b3-fbc7eedde353,VARMORA AUGUSTUS GREY,clean,2,0,0,0,7,7,7,
52450ac3-3ccf-589e-8cf6-c9b983dd7d89,BARCELONA 21181 HL2,clean,7,0,0,0,10,10,10,
52a19b02-b462-576b-a502-38bd9474d690,CAPTIVA 3262 D,clean,69,0,0,0,36,36,36,
5324449b-247d-5c5b-9560-95eefd24c7c3,SUNGLARE ROYAL ROSA,clean,10,0,0,0,0,0,0,
533d96d7-8a90-584d-9be2-b36323bfc221,JUBILY 33038 HL1,clean,23,0,0,0,0,0,0,
55fa075e-ff14-5061-b9fd-e74f0a644ae3,ASIAN GRANITO LIMITED ARLES MARMO DECOR,clean,2,0,0,0,0,0,0,
567ae67d-ab20-5d35-821d-7dbfc26de54f,BARCELONA 21615 HL1,clean,10,0,0,0,95,95,95,
590fe28d-c048-55ac-a2c8-8f4dee320105,BARCELONA 21527 D,clean,4,0,0,0,47,47,47,
595bce7a-b2eb-55c9-af90-946a4faa6f6e,ANTIEK EMBRADOR RICH,clean,18,0,0,0,0,0,0,
59a513d8-de49-598d-8504-4a4eb1af0a9d,RANGE SLIDE EMERALD L,clean,15,0,0,0,17,17,17,
5b199664-f081-585a-9898-565649bad400,RANGE SLIDE EMERALD D,clean,16,0,0,0,24,24,24,
5bdab55f-ba6b-5d14-b86e-167b7deffcb8,TAG 24056,clean,18,0,0,0,0,0,0,
5c1a72f9-982d-51ef-8859-48d86867b7ed,BARCELONA SCERA HL,clean,9,0,0,0,5,5,5,
5eabdaf1-16f2-53b3-a1d0-93ca0d983ee6,BARCELONA 31111 L,clean,3,0,0,0,0,0,0,
5f513487-2440-56b7-9486-8b0c47e3d067,BARCELONA SALTORO 617,clean,29,0,0,0,138,138,138,
5f9f1ead-a871-52a5-954d-82d9707ca58f,JUBILY 31200 HL1,clean,21,0,0,0,96,96,96,
6118893e-8db2-5b34-940f-b5bee4e1c477,BARCELONA 21507 HL1,clean,9,0,0,0,28,28,28,
6121aaf4-6908-594f-a5bd-bbc092239691,COVERTEK SPIDER GREY,clean,11,0,0,0,0,0,0,
614f6190-0251-5083-a999-61c1f79c14fe,REY CERA CREOS TEAL,clean,21,0,0,0,0,0,0,
615dcba6-6553-5cde-b31d-da8b19cdca03,VARMORA BARCELONA GREY,clean,9,0,0,0,1,1,1,
61f04b52-ed27-5690-bb6c-f108e22c47b5,COVERTEK CRESTALLO GRAPHITE,clean,7,0,0,0,0,0,0,
62668dfb-6e4d-58d7-bbc3-9ae24d5bae7e,VARMORA PACIFIC ONYX BEIGE,clean,5,0,0,0,0,0,0,
63a0aa75-13e7-56ad-b683-abe011901993,TAG 24064,clean,11,0,0,0,0,0,0,
63a7decb-458f-50b1-b016-e93fc62ca341,ETHICS OLV-29040,clean,15,0,0,0,10,10,10,
6771b0be-835b-5df9-b985-1a1a507c6dbf,TAG CT RECTA GLOW,clean,3,0,0,0,164,164,164,
68798100-6996-54d5-9f97-de0a3374876a,LIZZART ROCK BLACK,clean,25,0,0,0,37,37,37,
6c9d6903-1d7f-543d-8576-558b39bc7d0b,VARMORA TOKYO IVORY,clean,3,0,0,0,0,0,0,
6ce0a6a3-be60-5dfe-9a04-53cbc95aabf2,VARMORA PEROLA ONYX,clean,12,0,0,0,0,0,0,
6db08b35-e38b-591d-bdf1-5b4a433f3f7c,ETHON END 7097,clean,29,0,0,0,178,178,178,
6db6c8f0-d8ab-54f5-9156-282aeebc88e1,BARCELONA NEVADO 619,clean,77,0,0,0,243,243,243,
6e03c68d-bfa8-5be2-96a7-8b5e81e8c9be,RANGE CARVEN CREMA,clean,8,0,0,0,27,27,27,
6ed96498-ce60-5717-8fd4-208af5542d2c,EDDICA VEGANCE DARK,clean,26,0,0,0,123,123,123,
6fb6650e-da0a-5dfe-ae26-70c4cb3fc8cb,PLATINA BLACK GOLDY,clean,12,0,0,0,0,0,0,
71547334-7717-5147-8ff7-4942f4cc903c,BARCELONA 21129 HL2,clean,3,0,0,0,18,18,18,
71cc4a9b-11e4-5bd1-8713-a431c12e0d9b,PORTOCER TRUE DARK GREY,clean,2,0,0,0,24,24,24,
737d9dcf-3345-522d-96c0-a3a5163f4d18,COVERTEK ROCKER OSLO GRIGIO,clean,19,0,0,0,0,0,0,
75413c50-1d17-5860-837a-d3e4e550790c,BARCELONA ALPS 001,clean,9,0,0,0,0,0,0,
760aa8a1-7819-5ca9-83ed-5541c8d5b5e5,CAPTIVA WHITE,clean,20,0,0,0,42,42,42,
76922a8c-debd-54a4-9a1d-c693774be5e3,COVERTEK BURBERRY BIANCO,clean,5,0,0,0,0,0,0,
7706f99e-6d25-5df2-924b-6e98d84d9969,RANGE DUNA TAUPE,clean,9,0,0,0,21,21,21,
774bf3ab-05a5-53d5-8332-a4e6107165b1,BARCELONA NERO 607,clean,5,0,0,0,151,151,151,
7869cade-e763-5179-86d2-49482739bdd4,ASIAN GRANITO LIMITED TROPIC YELLOW,clean,12,0,0,0,0,0,0,
78e529ec-72d9-5b5b-9c92-56f564d0940b,ETHICS GREY & WHITE HL3,clean,3,0,0,0,0,0,0,
78fe0b76-b0a5-5a19-a258-9343fe162f1b,BARCELONA AMPTO 606,clean,33,0,0,0,56,56,56,
7a630457-2a57-51b7-8b60-f7cd7d81ba4e,CAPTIVA 3262 HL1,clean,86,0,0,0,1,1,1,
7b1acede-5efe-5644-8cbd-31a948c4f8ab,PORTOCER TRUE DOVE MATT,clean,2,0,0,0,17,17,17,
7c761312-f401-58bd-93eb-13133d630909,ASIAN GRANITO LIMITED BACKSPLASH BROWN DECOR,clean,4,0,0,0,60,60,60,
7c7ea261-9149-5726-b84e-87da0ce984f5,RANGE BRILLO GRIS,clean,19,0,0,0,90,90,90,
7d9f99e5-c262-5535-b418-3be2c0081705,ETHICS SUCKERE DC 204,clean,16,0,0,0,0,0,0,
7e377fbb-30a2-569a-aa6a-6f318ed0ebe1,BARCELONA 21235 HL2,clean,5,0,0,0,51,51,51,
8077eb9f-2e30-5b38-8bfd-33250d08c981,COVERTEK SAGON BIANCO,clean,8,0,0,0,0,0,0,
814579b5-90f0-5d38-b5e7-ba59aa581031,ETHON END 7106,clean,51,0,0,0,74,74,74,
815a74a1-7227-5fca-8ebf-ee66d5549562,BARCELONA KAROH 626,clean,2,0,0,0,0,0,0,
81f51be4-20fd-52ed-869b-2b9b2ce4e70e,ETHICS REDON BLUE,clean,2,0,0,0,0,0,0,
8428e02f-6ccd-502c-8365-f23ad3167550,TAG 24185 HL,clean,48,0,0,0,0,0,0,
848ff793-d51e-555d-bfbf-4d6e2fcb45f3,TAG 24805 DECOR,clean,4,0,0,0,54,54,54,
85554dc8-19ef-50fb-a526-980c8f7bac9c,TAG 24185,clean,51,0,0,0,0,0,0,
855dfb65-51e1-5546-b38f-d826cca2b77f,BARCELONA SISPARA 001,clean,8,0,0,0,41,41,41,
8592de31-5182-5b69-9d2b-b6eb37d5b6d3,CAPTIVA 3532 HL1,clean,97,0,0,0,192,192,192,
85a9bdf9-434c-55aa-9fd7-bde1373b29ff,RANGE DUKE GREY,clean,27,0,0,0,41,41,41,
85d64acb-e2b2-54f9-b47e-90d553b58a75,TAG 25146,clean,6,0,0,0,0,0,0,
8703aad6-1283-5195-a298-4b75d1944a35,RANGE ONICE BIANCO,clean,15,0,0,0,54,54,54,
871393a2-f1b5-5a8a-8326-86bc861136a6,VARMORA LYON NERO,clean,3,0,0,0,0,0,0,
874685a8-b694-57ab-a95d-3054a022868f,ETHICS OLV-MC 51150 HL2,clean,10,0,0,0,114,114,114,
87bdb390-31b0-5721-a5d4-a1c1093f9c14,BARCELONA KERINCI 001,clean,2,0,0,0,90,90,90,
88597351-491b-546a-b5dd-a41f05a93e52,VARMORA ARMANI BIANCO,clean,4,0,0,0,5,5,5,
89754a85-46cd-5f5f-8a8a-75f87e7bd79f,TAG 24802 DECOR,clean,13,0,0,0,40,40,40,
8a616373-467d-590b-ac47-845183901342,ETHICS GVITRA 111,clean,5,0,0,0,0,0,0,
8b432742-2dd4-5150-b498-77fd8becf5aa,BARCELONA SAGA GREY,clean,21,0,0,0,3,3,3,
8b90f61e-6472-52fc-9e91-983a0546ae9b,LIZZART ROCK BLACK,clean,18,0,0,0,2,2,2,
8ca19085-e82a-5903-9348-118ba09f328c,ALIVE EVOCA GREY ENDLESS,clean,5,0,0,0,72,72,72,
8dac62c0-a3f5-53b1-ad25-3be2d83b366c,PASSERO MURFI PINE HERRINGBONE,clean,27,0,0,0,3,3,3,
8db1175f-ad2e-5fd6-a1cf-45ef66ed19e8,LIZZART ROCK SILVER,clean,23,0,0,0,0,0,0,
8e53584b-ec6a-5b6b-826f-4c1c217f6c7b,BARCELONA 21507 D,clean,9,0,0,0,57,57,57,
901ca06f-f8f6-5c12-a516-2f3143b7f6d7,ALIVE OPTICAL WHITE ENDLESS,clean,10,0,0,0,10,10,10,
9023b5c6-3901-5689-90c1-c3716054cf51,BARCELONA SAGA BLACK,clean,14,0,0,0,34,34,34,
92416e06-ca81-517b-943e-fce402d56961,TAG 24187,clean,47,0,0,0,0,0,0,
924ba57d-6237-55d3-a93c-7791de292d62,BARCELONA ATLAS 009,clean,31,0,0,0,30,30,30,
9317ec0f-fc3d-5150-8524-13349679e440,LIZZART ROCK ALMOND,clean,26,0,0,0,43,43,43,
93425ffc-afa6-535f-998a-425ef766f457,REY CERA PREXURY GREEN,clean,8,0,0,0,166,166,166,
936b4af6-e0fc-5d61-ae5f-c80f01430f4b,BARCELONA DODDABETTA 601,clean,38,0,0,0,153,153,153,
93813d71-71c3-5d4a-86fe-1df671ab2c81,TAG 24134,clean,5,0,0,0,0,0,0,
9478fa7a-0a4a-5456-9a1a-8f816a858a07,VARMORA ZERON IVORY,clean,4,0,0,0,22,22,22,
9485902d-ebe4-5bc6-8609-b8abbcdd166d,BARCELONA 21051 HL1,clean,12,0,0,0,51,51,51,
94d9808b-fe7b-5706-a48f-bf306cfb9624,COVERTEK ROCKER ORION BEIGE,clean,6,0,0,0,0,0,0,
972eda6f-cb21-50cd-a00f-c200c4f17adb,JUBILY 31200 D,clean,14,0,0,0,125,125,125,
9801bac0-cd7e-5e9d-80c4-a05b877d6a7e,BARCELONA HARDEOL 627,clean,166,0,0,0,380,380,380,
98238e63-2875-5266-8bb2-2ac18078ae0a,ANTIEK BORGHINI BROWN,clean,7,0,0,0,36,36,36,
99cdd676-8f49-5f90-8fe7-87a28a54ef0b,SUNGLARE MELODY,clean,18,0,0,0,0,0,0,
9b2b6613-13b3-5af6-beac-fd838fb21a9c,VARMORA MIAMI GREY,clean,2,0,0,0,2,2,2,
9bb94740-c46c-5ae1-a704-4f8129eb38ed,BARCELONA ANAMUDI 628,clean,2,0,0,0,176,176,176,
9c12c621-d0ca-5691-8caa-f015f195406d,COVERTEK ROCKER KASHMIRI BROWN,clean,13,0,0,0,0,0,0,
9c7205cf-479d-56e2-93ae-6bb463aca98e,ANTIEK MOHAK SHILA,clean,11,0,0,0,4,4,4,
9c9df778-c044-5a1b-a6fe-ba2ccc11d115,VARMORA ASTONIA GOLD,clean,2,0,0,0,1,1,1,
9fef0897-0240-5d0a-bd43-131eb1507ec5,BARCELONA 21235 L,clean,11,0,0,0,45,45,45,
a0ba778b-d0f4-5862-925b-053295a8c7c4,BARCELONA 21304 HL1,clean,28,0,0,0,5,5,5,
a0fd2558-f184-5444-9072-3e8aae24f729,BARCELONA 21251 L,clean,11,0,0,0,3,3,3,
a1a1ed5a-f432-5d0b-ba74-348bbc7d5498,LIZZART ROCK NERO,clean,29,0,0,0,2,2,2,
a1aa5324-39e0-5ff6-8179-1a8197e09c54,ANTIEK BORGHINI BROWN STRIP,clean,7,0,0,0,2,2,2,
a2217c7b-16fe-5134-9d74-7fe313756284,BARCELONA BRANDON 604,clean,70,0,0,0,189,189,189,
a23320c5-50af-5c15-a147-f76f1e038141,SUNGLARE ROYAL CHERRY,clean,16,0,0,0,0,0,0,
a4204272-c526-52af-8892-44ded5ea2090,BARCELONA 21181 L,clean,17,0,0,0,0,0,0,
a43a79d0-0448-5a10-849c-bfbed2a59479,BARCELONA ATLAS 013,clean,16,0,0,0,216,216,216,
a4b0f669-a40b-583f-8f35-702a1d2b128f,RANGE CA MALTA DECOR B,clean,18,0,0,0,0,0,0,
a513b18c-2c47-596b-b0fd-29e12c92cee5,BARCELONA 21604 D,clean,30,0,0,0,17,17,17,
a5324e48-96f6-57b2-ae15-01bad66edff7,CAPTIVA 3061 HL2,clean,12,0,0,0,194,194,194,
a595adf0-f984-5971-ac56-9b1ba338faad,ETHON END 7025,clean,21,0,0,0,236,236,236,
a6a22140-b0cd-5c99-b764-b4fc76ae44cb,BARCELONA 21251 HL1,clean,7,0,0,0,45,45,45,
a7b22f4b-2c97-52b1-be79-a027206c2174,BARCELONA ARVON 601,clean,4,0,0,0,232,232,232,
a7dd51df-908b-58c6-be2c-20fb486da04d,RANGE MARCA WHITE DECOR A,clean,8,0,0,0,39,39,39,
a80d9664-3c13-5876-880b-af90b082aafa,EDDICA VICTORIA CREMA,clean,13,0,0,0,19,19,19,
a84dfa38-3f0b-5b4f-acb5-a852e29dbecf,ASIAN GRANITO LIMITED HEXAWOOD,clean,4,0,0,0,0,0,0,
a85bbbac-970a-5474-ac30-9046c75ce779,CAPTIVA 3410 D,clean,31,0,0,0,0,0,0,
a8c9f74d-3629-5009-b9ae-7fbd4eda0806,VARMORA STAIRWAY NATURAL,clean,8,0,0,0,12,12,12,
a8cbf7eb-ddfd-5db6-819e-481b0d33afc5,RANGE RAGNO WHITE,clean,16,0,0,0,66,66,66,
a921da8c-8657-5194-a007-4932070e9a1c,ASIAN GRANITO LIMITED SOS 4002 HL1,clean,2,0,0,0,82,82,82,
aa0f1a93-4e98-552b-b9cb-727f8027c082,ASIAN GRANITO LIMITED SOS 4002 HL2,clean,3,0,0,0,80,80,80,
aa48eb83-112f-5caa-8613-2d5c06057d2c,COVERTEK CRESTALLO FERN,clean,9,0,0,0,0,0,0,
aafb4d10-8653-56e5-8208-81c2af64c888,STARCO WHITE FLAT,clean,2,0,0,0,21,21,21,
abc4ab1c-c9a7-531a-98af-fe1217536717,SUNGLARE ROCK DOVE / GRIS,clean,36,0,0,0,120,120,120,
ac35fef4-7ca9-55ea-90cd-8525fdc92fab,PASSERO STATUARIO BROWN ENDLESS,clean,9,0,0,0,0,0,0,
ac63ba0d-3513-5f25-baba-86abe0420f7c,BARCELONA ARGUS 614,clean,49,0,0,0,94,94,94,
adb7bdd3-6e14-5def-9739-4bbf12cb0a69,CAPTIVA 3410 L,clean,30,0,0,0,77,77,77,
b101bc59-474f-517c-94d7-32b89648c065,PORTOCER STELLER BEIGE,clean,2,0,0,0,24,24,24,
b365f572-8add-5a41-9eea-c87e68b5f93e,ASIAN GRANITO LIMITED ARLES BIANCO,clean,5,0,0,0,83,83,83,
b4c3e2a0-e6b2-5d7f-b786-5d22d9ea0e2e,ALIVE BOTTOCHINO NATURAL ENDLESS,clean,13,0,0,0,0,0,0,
b5327ba1-f638-5877-a9b7-0b709434dbe0,LIZZART ROYAL JET BLACK,clean,8,0,0,0,16,16,16,
b641d8d6-70c0-524a-8ef2-cefd52b315d6,REY CERA PIAZZA GREY,clean,16,0,0,0,266,266,266,
b6620286-db3d-53b2-abda-4e01e106e8a4,CAPTIVA 842,clean,6,0,0,0,202,202,202,
b73223bd-4f5d-5a9c-9ee7-67a658d29e5e,ASIAN GRANITO LIMITED BRICKSO BROWN,clean,3,0,0,0,65,65,65,
b82d266e-e187-51ee-b4db-86a555eb4f1c,SUNGLARE ROYAL TIGER,clean,12,0,0,0,0,0,0,
b832a6a4-2852-5829-be9a-49b37adfc114,RANGE MAGICA AZURE,clean,6,0,0,0,4,4,4,
b85e8e93-e77b-5165-8c6b-c9176d001eb8,BARCELONA OCEAN HL,clean,5,0,0,0,47,47,47,
b8a8f6b7-8b0d-5bc2-b342-aef66c1f0e1a,PORTOCER CONTUR GREY,clean,3,0,0,0,4,4,4,
ba0671de-c6ba-5983-8f29-b9bc2aec1842,EDDICA TRENCH AQUA,clean,25,0,0,0,2,2,2,
bb609873-06e4-51b7-8823-597d3076d9dc,BARCELONA 21044 L,clean,28,0,0,0,8,8,8,
bba0227c-81e5-5790-b2e1-f57b8ccad588,EDDICA FENICE GREY,clean,37,0,0,0,165,165,165,
bbac11c4-81b3-5a70-aa2b-deb94cc6e48d,LIZZART ROCK NERO,clean,32,0,0,0,0,0,0,
bbb460ba-4ef6-50e9-a28b-32e18a4b1460,TAG 24317,clean,8,0,0,0,0,0,0,
bd4ffc8d-6148-55f9-a5b4-cfcce5b8b51d,BARCELONA BRANDON 602,clean,21,0,0,0,257,257,257,
bd66a18a-4432-51c8-b99b-3026259255ee,VARMORA STAIRWAY VERDE,clean,6,0,0,0,2,2,2,
bd8bc904-1f5d-5952-94c5-1ffd7d907199,CAPTIVA 3532 D,clean,83,0,0,0,250,250,250,
bfe23c6d-47bf-5f82-849d-8ae6d7998b5f,BARCELONA BLACKBURN 601,clean,20,0,0,0,8,8,8,
bff84a24-4b20-581e-9b5c-45c37825c8cf,BARCELONA MANDALA 622,clean,123,0,0,0,114,114,114,
c001c8c8-db81-59c3-a883-8c62eb85f0aa,BARCELONA GREVA HL,clean,9,0,0,0,13,13,13,
c04d4939-c2f5-5ded-920d-e1fb60231fc4,BARCELONA 21587 D,clean,21,0,0,0,20,20,20,
c06d3b8f-7c71-5456-962c-e256da12e5d5,TAG 24809,clean,8,0,0,0,0,0,0,
c14a2fa2-9a4c-50cc-81d4-cd599e9907ee,BARCELONA DENALI 605,clean,19,0,0,0,92,92,92,
c1a71937-1cd9-59cd-9e0d-0c42bbcee6db,BARCELONA BHUJIYO 001,clean,8,0,0,0,52,52,52,
c25c041a-4496-5cda-8aa9-b1ede8bec8f4,BARCELONA STANLEY 644,clean,16,0,0,0,17,17,17,
c2c53c95-2f96-56fa-a7ef-b7ec1fc9d3a6,EDDICA TRENCH PINK,clean,16,0,0,0,0,0,0,
c337e37f-51c5-5846-aed1-587a575fdfa4,BARCELONA 21318 HL1,clean,7,0,0,0,14,14,14,
c3400e2a-dd26-597b-b7a5-86e0139dcf5c,VARMORA MARFIL BEIGE,clean,10,0,0,0,26,26,26,
c35ab2cd-3b99-525e-9fa6-6de41dad17a2,PASSERO VERONA STEEL ENDLESS,clean,12,0,0,0,1,1,1,
c3a0d76e-8732-5be6-89cd-28ff54142500,TAG 24186,clean,41,0,0,0,0,0,0,
c47c4097-23ac-514e-b486-66d328ea4ebb,BARCELONA 21051 L,clean,12,0,0,0,54,54,54,
c619a9f8-d3a0-53cc-a509-e09203d70698,RANGE DUKE GREY DECOR A,clean,22,0,0,0,62,62,62,
c62294a3-9eff-5d4c-b9af-08725a8208ca,BARCELONA 21044 HL1,clean,30,0,0,0,0,0,0,
c64ee7fc-1581-5e77-9392-31f991a6650d,RANGE MAGICA OCRE,clean,7,0,0,0,6,6,6,
c6ff0ec8-e3ec-53f1-bd6b-b9ad4cf242f2,COVERTEK ROCKER OSLO CREMA,clean,13,0,0,0,0,0,0,
c7095249-9d77-5a0f-905d-4b50865d30f8,EDDICA THASOS DARK,clean,48,0,0,0,76,76,76,
c80f9121-c326-5c3f-b135-d0006bf0ebf5,VARMORA GLOSSLAB NERO,clean,7,0,0,0,0,0,0,
c9fb8698-5d7f-5e41-a223-5956a2303018,RANGE MAGICA LUSH,clean,4,0,0,0,33,33,33,
ca91f91b-8164-5818-9dbb-aacb95ed9433,LIZZART ROYAL KOTA,clean,15,0,0,0,0,0,0,
cb59b41b-cd99-5dc6-85f0-84c85363040f,TAG 24026,clean,16,0,0,0,0,0,0,
cd101af5-b433-55f1-b9cd-7f272093a767,BARCELONA SIMORA HL,clean,9,0,0,0,25,25,25,
ce06c75b-80c5-57a3-ac68-6ae06c158a65,ASIAN GRANITO LIMITED NOVART COLOR DECOR,clean,8,0,0,0,8,8,8,
ce864798-8e07-57c8-b895-90a7fc641bda,BARCELONA 21166 HL1,clean,10,0,0,0,17,17,17,
cec113c7-e0f4-5171-b96d-d32bd67049ef,ASIAN GRANITO LIMITED BACKSPLASH BROWN,clean,3,0,0,0,4,4,4,
cfa49adf-95eb-5d13-b111-1f98a375736e,VARMORA ROYAL BRECCIA GREY,clean,6,0,0,0,2,2,2,
d0dfe56c-0327-5f0f-99a3-af1dac9a03a3,JUBILY 31319 L / 3977 L,clean,40,0,0,0,147,147,147,
d10fc774-0987-5d36-a90d-c93f5ae49d56,CAPTIVA 3111 L,clean,72,0,0,0,80,80,80,
d18a2a99-4f25-5d79-ae04-6f404f0454df,RANGE UNICO CAMEL DECOR,clean,2,0,0,0,37,37,37,
d1cc6059-1dc7-5cf6-a017-09aa530f2921,RANGE 1132 DECOR SILVER,clean,3,0,0,0,15,15,15,
d21502a7-65c3-5a3e-b7e1-f51fe147713e,ANTIEK TRIVIA GREEN,clean,20,0,0,0,0,0,0,
d3504458-25ae-5561-8481-65b48ea917a6,RANGE MARCA WHITE,clean,11,0,0,0,22,22,22,
d3620c64-0c2b-5572-96e0-9ef8f92ae8c7,BARCELONA HARDEOL 631,clean,89,0,0,0,271,271,271,
d434f72a-8eb6-5b67-9547-dfb6f7825d54,BARCELONA HECTOR 609,clean,16,0,0,0,86,86,86,
d442bb0a-6c9d-57b1-935a-ef05e7665816,RANGE SPARE WHITE,clean,20,0,0,0,3,3,3,
d4853a5e-0054-5f0f-b271-fe742cc02835,VARMORA ROCK CREMA,clean,3,0,0,0,0,0,0,
d4b94bdd-1a66-5f2d-903c-22843c0b22ca,ETHICS DESERT WOOD BROWN,clean,13,0,0,0,0,0,0,
d58ae2e0-b4a0-59a1-88c7-d86a32a54654,ANTIEK MYTHOS BLUE,clean,10,0,0,0,147,147,147,
d7ebecac-1b42-5bd0-ab32-c909eb2b8c64,BARCELONA DENALI 604,clean,41,0,0,0,69,69,69,
d8106318-1de4-5862-a7d5-497d0a37be42,JUBILY LTS 7569 D / 3809 D,clean,46,0,0,0,161,161,161,
d857a066-fa14-5895-8de5-197ef04f30e6,VARMORA MIAMI BIANCO,clean,5,0,0,0,6,6,6,
da01c350-c4a8-575f-9cb0-83587b61e750,VARMORA NYARA BEIGE,clean,6,0,0,0,9,9,9,
da1a18fc-9b8b-50da-ac2c-2e4c6c9ee509,VARMORA STAIRWAY NERO,clean,8,0,0,0,4,4,4,
db193f03-64b1-5622-943e-713271412536,LIZZART ROCK DOVE,clean,14,0,0,0,12,12,12,
db4457f2-7905-593f-a75c-140f5b85d7f2,VARMORA HANIRO WHITE,clean,6,0,0,0,0,0,0,
db5d1b17-f4be-5149-b2ad-832ee0fee647,BARCELONA 21235 D,clean,5,0,0,0,64,64,64,
dc9be477-0f9b-5ca7-9cee-065fbb07346f,VARMORA LUNAR MULTI,clean,4,0,0,0,36,36,36,
dcd7bf87-cc5d-5747-a0e6-dbd5364ded25,RANGE CARVEN CREMA DECOR A,clean,6,0,0,0,80,80,80,
dd1a7efe-3d46-54cc-8b75-afe60f1fc3f1,PORTOCER STELLER STEEL GREY,clean,6,0,0,0,4,4,4,
ddcbdec7-ccae-59bb-8019-c7dd6390fd2a,BARCELONA 21263 L,clean,13,0,0,0,18,18,18,
df341856-990e-570f-a61b-55a16d98fe9f,ETHON END 7056,clean,19,0,0,0,164,164,164,
df6ed2ce-cc9a-5c6f-8fc3-1d15b6cdcaf0,TAG 24188,clean,100,0,0,0,1,1,1,
df8c180a-af3f-53e1-a55c-3e74e6aecb45,BARCELONA SAGA IVORY,clean,11,0,0,0,0,0,0,
dfaa085a-5c55-5ca3-a414-99b88ae75c3c,ASIAN GRANITO LIMITED BRICKSO STONE,clean,9,0,0,0,17,17,17,
dfdd9d0e-8056-53d1-98e1-3857077a6f7f,RANGE MAGICA NAVAL,clean,5,0,0,0,16,16,16,
dff08b78-1ecf-53b3-aded-e3c623c8b611,RANGE UNICO GREY DECOR A,clean,4,0,0,0,0,0,0,
e057d27a-8ac1-52af-aa67-5c459d2ec597,RANGE ONICE DECOR,clean,30,0,0,0,8,8,8,
e07e4348-5a6b-5d28-96ca-f3a951544c0f,ETHICS MOROCCAN HL5,clean,2,0,0,0,0,0,0,
e13f18de-a506-5a04-ad41-2b0d8fb828d3,ETHICS OLV-22100,clean,8,0,0,0,12,12,12,
e209a965-3dfc-51de-a0e8-74747f90fe5f,SUNGLARE WHITE,clean,10,0,0,0,0,0,0,
e235d54b-e1a8-5c48-8660-f7f94a7a30cd,VARMORA EMBREDOR AQUA,clean,4,0,0,0,26,26,26,
e2f3d2a8-b90b-5b27-84ab-0cfcfd0fa164,BARCELONA 21587 L,clean,15,0,0,0,71,71,71,
e30d0dad-da7d-55c9-bfdb-c23ab25e9bee,BARCELONA CHOTILANO 602,clean,2,0,0,0,23,23,23,
e38d2265-49e4-5c6f-ba2b-8ebb1b492bf8,BARCELONA ANDERSON 622,clean,24,0,0,0,34,34,34,
e4ae5011-3211-5f90-8d63-6d7041cc9cce,EDDICA LINUX WHITE,clean,33,0,0,0,0,0,0,
e4bf2246-d077-52df-af37-c3559624f353,GVIT 900,clean,2,0,0,0,0,0,0,
e534f9c5-a37e-5d1e-b483-a55ccd264866,ETHICS SUCKERE DC 203,clean,4,0,0,0,0,0,0,
e5cea884-a293-5860-ae0c-d2dd9a418da7,ANTIEK ATLANTA BROWN STRIP,clean,7,0,0,0,2,2,2,
e5ea1094-0b69-534c-b51b-5d07959e7b79,BARCELONA 21263 D,clean,20,0,0,0,11,11,11,
e76bc74c-e1be-5129-9120-670d50120d25,ANTIEK HIRAMANI SMOKE,clean,7,0,0,0,53,53,53,
e7bcc258-cdb5-59d7-a8da-d6c2a31aab36,VARMORA STATUARIO MARS,clean,3,0,0,0,12,12,12,
e9a6a8a7-7b1b-5685-81b2-ae15e9b515c8,BARCELONA CANE 603,clean,8,0,0,0,37,37,37,
ea3d337a-d452-52f5-9384-3a354f93ec07,RANGE RAGNO WHITE DECOR A,clean,19,0,0,0,5,5,5,
ea835ceb-da72-525f-8e5e-88d236c9d92c,BARCELONA MAMOSTONG 601,clean,37,0,0,0,138,138,138,
eab96b7d-784e-55b4-b020-ab9d4f5a66de,LIZZART ROCK CREMA,clean,6,0,0,0,0,0,0,
eb3a6be7-2384-54e6-9b8d-6aba93bdeca8,BARCELONA 31111 HL1,clean,4,0,0,0,0,0,0,
eb598c91-30cb-57e6-8e1f-8b4bd044385c,VARMORA SCOTT NATURAL,clean,19,0,0,0,45,45,45,
ec070b1c-a468-5943-a6ae-416df039a468,JUBILY 31319 HL1 / 3977 HL1,clean,44,0,0,0,115,115,115,
ecbf18fc-0fca-5e23-bee9-41c488c77720,EDDICA BRISBANE WHITE,clean,30,0,0,0,103,103,103,
ed314272-58bb-52a9-967d-673367f18de9,TAG 25117,clean,2,0,0,0,0,0,0,
ed9ba176-1dd7-537e-8144-eeba7514e8e6,VARMORA MARFIL TUSK,clean,5,0,0,0,2,2,2,
ee8c7608-eb06-5503-8132-7da04119634d,ALIVE ONYX BRUCOLI ENDLESS,clean,14,0,0,0,0,0,0,
ee991e2d-5fa7-5ff5-be68-01c13f398b13,ETHICS OLV-MC 51170 HL-1,clean,17,0,0,0,0,0,0,
eeb08f79-2dd2-5bc9-925a-5fd9bbbcf021,TAG 25111,clean,5,0,0,0,0,0,0,
eee619a8-0290-576d-bd28-7d72a00871ad,BARCELONA 21615 D,clean,38,0,0,0,105,105,105,
ef3a783e-80f5-539b-aa66-0c0c8c0b09c3,PASSERO MURFI BIANCO HERRINGBONE,clean,40,0,0,0,1,1,1,
efe348ef-0ce5-52da-8b8a-867558580e25,CAPTIVA 3061 D,clean,19,0,0,0,200,200,200,
eff68f23-4f24-5fae-8079-83cf68eefd1d,BARCELONA DHUPGARH 624,clean,22,0,0,0,0,0,0,
f0085586-38ad-5b47-9da3-00c23399ad33,CAMCERA 1163,clean,20,0,0,0,0,0,0,
f0283dce-f2c2-56e5-8610-643daa4116ea,COVERTEK GRACE BIANCO,clean,5,0,0,0,40,40,40,
f1062b3c-16e5-53b5-b4a0-1adc9517c052,BARCELONA 21129 HL1,clean,7,0,0,0,0,0,0,
f1c8ecdf-2973-5154-b4d4-7ace3c1f68a5,PORTOCER TRUE DOVE,clean,2,0,0,0,23,23,23,
f2e6a357-31b8-5188-b3d8-c49ea561d464,VARMORA ARMANI GREY,clean,3,0,0,0,2,2,2,
f2e77d20-1047-5110-825b-480ef3ff653f,BARCELONA 24189,clean,28,0,0,0,0,0,0,
f31d7dc3-107b-574e-b2f4-66b707230784,VARMORA ROCK CREMA,clean,10,0,0,0,0,0,0,
f6366432-7c41-5458-addf-589ba7dfbb7f,STARCO AQUA GREEN BEVELLED,clean,3,0,0,0,24,24,24,
f6825368-a144-54e8-8cc5-edf53571f730,VARMORA SILK MARFIL TUSK,clean,2,0,0,0,9,9,9,
f7431983-d6f6-5fdb-b813-508482f69953,TAG 24321,clean,3,0,0,0,0,0,0,
f75bcac6-6bfe-51bd-abd4-a5cd96663217,EDDICA LIGHTNING CREMA,clean,18,0,0,0,21,21,21,
f76da667-4a65-5ec1-a58f-4bca50a0aa6d,RANGE DUNA TAUPE DECOR A,clean,7,0,0,0,81,81,81,
f8ede2b3-46b0-518a-a15a-f30a25a6cbcb,RANGE SPARE WHITE DECOR,clean,16,0,0,0,4,4,4,
f97cec74-8053-5b7a-8874-00193155e902,PLATINA CHERRY,clean,11,0,0,0,88,88,88,
fa6eb881-56f2-5b16-8fa0-6edce708bd98,EDDICA MAXIMUS DARK,clean,26,0,0,0,57,57,57,
fb20671f-0281-5476-876a-642c6821e836,JUBILY 31319 HL2 / 3977 D,clean,38,0,0,0,174,174,174,
fbb30d55-218a-5a6d-a208-2135c6b3ffb1,STARCO WHITE BEVELLED,clean,4,0,0,0,18,18,18,
fd05503a-5524-5055-9bf6-079bc375c3a6,VARMORA ALFANSO WHITE,clean,16,0,0,0,5,5,5,
fe82fe7a-5dd9-5595-8ce9-3bc1d7014779,ETHON END 7108,clean,31,0,0,0,79,79,79,
fee7570e-a9f0-5fb6-90f0-7a0255660ad7,PORTOCER TRUE WHITE,clean,5,0,0,0,25,25,25,
ff1045cb-626a-5f1d-a1e5-74410ed41c29,VARMORA SCOTT NERO,clean,18,0,0,0,1,1,1,
ff22255a-1ad9-58b7-8ab8-b826838d5439,ETHICS GALICHA 023,clean,2,0,0,0,0,0,0,
ff330658-65f5-59b6-a1df-c5b8f42c9ae2,VARMORA LOGAS WHITE,clean,8,0,0,0,2,2,2,
ff767e61-711c-51eb-ba11-f89d968b6a98,ASIAN GRANITO LIMITED PIZARRA BROWN,clean,7,0,0,0,0,0,0,
0224e535-6229-5ea4-ad40-1a39ac89ff8e,BARCELONA FORBES 616,clean,63,0,0,0,216,216,216,
001b7929-118b-5eb5-b207-f9848c91de72,ETHICS GALICHA 157,clean,6,0,0,0,0,0,0,
04494615-b98d-5e0b-b075-7a69eac3fb3a,VARMORA SCOTT GREY,clean,8,0,0,0,25,25,25,
0b54ce50-f662-5cf7-a284-e4a3dee13893,RANGE UNICO GLORY,clean,6,0,0,0,34,34,34,
1979081c-15de-5ddb-b9b6-bd54ac88bfac,VARMORA SCOTT VERDE,clean,7,0,0,0,0,0,0,
1f5a047a-b82a-5038-874e-f4afcf42d8cb,CAMCERA 251,clean,22,0,0,0,0,0,0,
2f53aa0e-92ac-5597-bcb5-545fc7304a0d,RANGE UNICO CAMEL,clean,4,0,0,0,14,14,14,
363323e3-1224-565b-9712-d35f35be3c8b,CAMCERA 2412,clean,25,0,0,0,0,0,0,
390ee593-3bef-5b54-984b-5225eef57d4d,CAMCERA 3022,clean,18,0,0,0,0,0,0,
625ec930-296e-51d1-9242-d9a058a32eb5,CAMCERA M-85,clean,12,0,0,0,0,0,0,
80691de5-04df-5fad-8ea9-e65d2df57d6c,CAMCERA 3026,clean,24,0,0,0,0,0,0,
8d90ecf7-98f4-5099-a30a-c49ec769c917,RANGE COLLIN TAN,clean,26,0,0,0,47,47,47,
9df0fe6f-cd0b-5dd9-bc7a-2e7cc3970838,RANGE COLLIN TAN DECOR A,clean,17,0,0,0,108,108,108,
de717f11-3ce4-5dc7-852c-a183e2d285da,VARMORA SCOTT BEIGE,clean,2,0,0,0,0,0,0,
29bf71d7-e95f-5e63-b723-cfda6fba97b9,VARMORA STAIRWAY GREY,clean,8,0,0,0,12,12,12,
02e6a7ae-ef18-5bbb-8b3f-b39012d9d056,RANGE WHITE GLOSSY 01,clean,14,0,0,0,7,7,7,
0eab5ca8-412e-5848-aff7-80865c591287,CAPTIVA 3061 L,clean,17,0,0,0,199,199,199,
0ffd1390-b1c0-5af3-89a5-ec9311b28b8b,CAPTIVA 3113 HL1,clean,72,0,0,0,97,97,97,
13ad3c88-7dc9-5c69-9eb4-05ad72490950,RANGE CA 3680 L,clean,3,0,0,0,93,93,93,
13daebc8-9d44-5861-b88f-d653e330b245,CAPTIVA 3113 D,clean,58,0,0,0,155,155,155,
0400dea2-57fc-5370-8f78-cac9afbdd0b7,REY CERA BOLLITA GREY,clean,20,0,0,0,0,0,0,
147b3c68-c18e-546a-9506-10180e2ac59b,ALIVE REYCERA,clean,5,0,0,0,20,20,20,
21866dc4-c905-550b-a792-7169cf9ca61e,REY CERA FOX GREY,clean,18,0,0,0,0,0,0,
263629e8-6336-5cec-8542-c1333e1a3269,CAPTIVA 3262 L,clean,82,0,0,0,53,53,53,
285c5802-3491-5e6b-aba6-b9b49ccbb446,ALIVE CRESOLA ONYX ENDLESS,clean,12,0,0,0,0,0,0,
379f601f-bf63-5bc4-8d65-5d297bc5bf10,ALIVE ARNO ANTIC ENDLESS,clean,13,0,0,0,2,2,2,
3d2540fe-b449-580b-b600-e3173c282208,REY CERA FOX BROWN,clean,14,0,0,0,351,351,351,
47a384b8-03ab-51f2-85b3-7c60a4b65e84,ALIVE GOLDEN BRAZIL ENDLESS,clean,19,0,0,0,0,0,0,
48fa7e45-ebc1-5bb5-9da2-0f21e8000fbc,CAPTIVA 3532 L,clean,78,0,0,0,221,221,221,
758921cf-4c6b-5a3a-ae9d-db4f46083749,PASSERO CEDARWOOD BROWN,clean,26,0,0,0,7,7,7,
03d6eb4a-f73c-501c-9dff-ab4e1fca7a8c,JUBILY 33038 DK / 3978 D,clean,58,0,0,0,107,107,107,
03f79b8e-7cf6-5d40-8b4e-447cf75e8477,EDDICA MINTO AZUL,clean,24,0,0,0,26,26,26,
0b7409d1-98e7-5ac7-a50f-bd632d2aacd3,JUBILY 33038 L / 3978 L,clean,50,0,0,0,150,150,150,
0d527821-1e79-5347-b1e5-283ea5d8f9ac,JUBILY 31200 L,clean,21,0,0,0,44,44,44,
20666744-db61-5a83-a1cc-74e17e8daeb8,TAG CT FROSTY RADIANCE,clean,22,0,0,0,24,24,24,
23638ddc-d0a0-56b1-9ef1-859cae841dce,TAG CT SNOW WHITE,clean,15,0,0,0,2,2,2,
3a8a0988-647a-5610-914a-5dc6aca8dd5d,TAG CT MOONLIGHT ANGELIC,clean,5,0,0,0,193,193,193,
088adfcd-3003-5b3c-8301-e5dde21c7b0f,BARCELONA CHATURBHUJ 603,clean,28,0,0,0,320,320,320,
0c513bcd-fb26-5c92-9219-571b66664bcd,SUNGLARE SANDY ASH,clean,7,0,0,0,186,186,186,
2a24e945-a78f-5d45-8997-2bf902458798,BARCELONA JALISCO 627,clean,52,0,0,0,132,132,132,
4d2ddaf8-d0c4-5c3b-82b7-67d41ed86f0c,SUNGLARE SANDY TULSI,clean,11,0,0,0,88,88,88,
566aa4fd-58ba-5bba-b49a-86175d9f446a,JUBILY LTS 7569 HL1 / 3809 HL,clean,42,0,0,0,216,216,216,
63257107-dc68-5c3a-886e-01cd39a8a4cc,SUNGLARE SANDY WALNUT,clean,17,0,0,0,144,144,144,
76067e38-2a24-5d9a-b972-878038046df8,JUBILY LTS 7569 L / 3809 L,clean,39,0,0,0,181,181,181,
8899d5d3-aada-5c6d-95a7-33274706f6d9,SUNGLARE CHARCOAL,clean,20,0,0,0,62,62,62,
beb8eb7a-4507-52d4-967d-2ca8934637dc,BARCELONA NEBO 622,clean,10,0,0,0,42,42,42,
d1590d91-c76f-5450-8777-7081ee38da0d,CZAR PRESTIGE WOOD BROWN,clean,3,0,0,0,70,70,70,
060c79e9-69ff-584f-b47d-646e54635114,PORTOCER TRUE BROWN,clean,2,0,0,0,24,24,24,
0ffd3919-553e-5fef-b3d1-b41baec24aec,PORTOCER STELLER STEEL GREY MATT,clean,3,0,0,0,15,15,15,
34600642-2f87-57f5-82df-d25f5bcaa8b9,PORTOCER STELLER BLACK,clean,2,0,0,0,24,24,24,
41d3a7e8-3e2d-52e6-92a1-25cc8bf0fcdf,PORTOCER STELLER WHITE,clean,3,0,0,0,21,21,21,
6022ab6f-32ea-5f6e-9e1b-09c50eadb698,CAPTIVA 313,clean,3,0,0,0,250,250,250,
6d65c507-380d-56ee-908c-9c3bcace46b8,BARCELONA DULANG 604,clean,5,0,0,0,463,463,463,
0c40d512-283c-5f40-8c8d-1873bcf08f44,BARCELONA NERO 615,clean,2,0,0,0,203,203,203,
